model,test_year,feature_count,inventory_features,historic_cost_features,inner_RMSE,iterations,threads
xgboost,2023,147,1,80,228164.92036958036,5,2
xgboost,2024,35,2,22,159419.8807265972,29,2
xgboost,2025,36,2,27,121440.47634932486,31,2
xgboost,2026,37,0,26,102999.21836683832,19,2
lightgbm,2023,30,2,15,226593.02694429742,5,2
lightgbm,2024,32,0,17,162772.30570809648,6,2
lightgbm,2025,25,1,23,124011.21095387891,55,2
lightgbm,2026,107,2,64,101491.09178333641,28,2
catboost,2023,10,0,5,227146.14575973127,107,3
catboost,2024,15,0,12,160252.82526750208,11,3
catboost,2025,205,0,145,123346.63500026896,105,3
catboost,2026,31,2,13,102950.87600178299,43,3
