feature,origin,cost_dependent,availability,note,dtype,train_missing_fraction_before_2023,train_missing_fraction_before_2024,train_missing_fraction_before_2025,train_missing_fraction_before_2026
age_x_wet_proximity,supplemental_inventory_or_new_transform,False,incident and pipe attributes,,float64,0.0,0.0,0.0,0.0
event_decimal_year,requested_csv_or_initial_derivation,False,incident and pipe attributes,,float64,0.0,0.0,0.0,0.0
event_hour,requested_csv_or_initial_derivation,False,incident and pipe attributes,,int64,0.0,0.0,0.0,0.0
event_month,requested_csv_or_initial_derivation,False,incident and pipe attributes,,int64,0.0,0.0,0.0,0.0
event_weekday,requested_csv_or_initial_derivation,False,incident and pipe attributes,,int64,0.0,0.0,0.0,0.0
event_weekend,requested_csv_or_initial_derivation,False,incident and pipe attributes,,int64,0.0,0.0,0.0,0.0
event_year,requested_csv_or_initial_derivation,False,incident and pipe attributes,,int64,0.0,0.0,0.0,0.0
hist_age_band_all_max,requested_csv_or_initial_derivation,True,previous calendar years only,Historic cost summary from chosen cost CSV; no current-year costs.,float64,0.19525448288353559,0.14676650782845474,0.11596385542168675,0.09901526786520914
hist_age_band_all_max_log1p,supplemental_inventory_or_new_transform,True,previous calendar years only,Historic cost summary from chosen cost CSV; no current-year costs.,float64,0.19525448288353559,0.14676650782845474,0.11596385542168675,0.09901526786520914
hist_age_band_all_mean,requested_csv_or_initial_derivation,True,previous calendar years only,Historic cost summary from chosen cost CSV; no current-year costs.,float64,0.19525448288353559,0.14676650782845474,0.11596385542168675,0.09738910470683892
hist_age_band_all_mean_log1p,supplemental_inventory_or_new_transform,True,previous calendar years only,Historic cost summary from chosen cost CSV; no current-year costs.,float64,0.19525448288353559,0.14676650782845474,0.11596385542168675,0.09738910470683892
hist_age_band_all_median,requested_csv_or_initial_derivation,True,previous calendar years only,Historic cost summary from chosen cost CSV; no current-year costs.,float64,0.19525448288353559,0.14676650782845474,0.11596385542168675,0.09901526786520914
hist_age_band_all_median_log1p,supplemental_inventory_or_new_transform,True,previous calendar years only,Historic cost summary from chosen cost CSV; no current-year costs.,float64,0.19525448288353559,0.14676650782845474,0.11596385542168675,0.09901526786520914
hist_age_band_all_n,requested_csv_or_initial_derivation,False,previous calendar years only,,float64,0.0,0.0,0.0,0.0
hist_age_band_all_std,requested_csv_or_initial_derivation,True,previous calendar years only,Historic cost summary from chosen cost CSV; no current-year costs.,float64,0.19525448288353559,0.14676650782845474,0.11596385542168675,0.09901526786520914
hist_age_band_all_std_log1p,supplemental_inventory_or_new_transform,True,previous calendar years only,Historic cost summary from chosen cost CSV; no current-year costs.,float64,0.19525448288353559,0.14676650782845474,0.11596385542168675,0.09901526786520914
hist_age_band_all_tail_rate,requested_csv_or_initial_derivation,True,previous calendar years only,Historic cost summary from chosen cost CSV; no current-year costs.,float64,0.19525448288353559,0.14676650782845474,0.11596385542168675,0.09738910470683892
hist_age_band_last1_max,requested_csv_or_initial_derivation,True,previous calendar years only,Historic cost summary from chosen cost CSV; no current-year costs.,float64,0.19525448288353559,0.14676650782845474,0.11596385542168675,0.09901526786520914
hist_age_band_last1_max_log1p,supplemental_inventory_or_new_transform,True,previous calendar years only,Historic cost summary from chosen cost CSV; no current-year costs.,float64,0.19525448288353559,0.14676650782845474,0.11596385542168675,0.09901526786520914
hist_age_band_last1_mean,requested_csv_or_initial_derivation,True,previous calendar years only,Historic cost summary from chosen cost CSV; no current-year costs.,float64,0.19525448288353559,0.14676650782845474,0.11596385542168675,0.09738910470683892
hist_age_band_last1_mean_log1p,supplemental_inventory_or_new_transform,True,previous calendar years only,Historic cost summary from chosen cost CSV; no current-year costs.,float64,0.19525448288353559,0.14676650782845474,0.11596385542168675,0.09738910470683892
hist_age_band_last1_median,requested_csv_or_initial_derivation,True,previous calendar years only,Historic cost summary from chosen cost CSV; no current-year costs.,float64,0.19525448288353559,0.14676650782845474,0.11596385542168675,0.09901526786520914
hist_age_band_last1_median_log1p,supplemental_inventory_or_new_transform,True,previous calendar years only,Historic cost summary from chosen cost CSV; no current-year costs.,float64,0.19525448288353559,0.14676650782845474,0.11596385542168675,0.09901526786520914
hist_age_band_last1_n,requested_csv_or_initial_derivation,False,previous calendar years only,,float64,0.0,0.0,0.0,0.0
hist_age_band_last1_std,requested_csv_or_initial_derivation,True,previous calendar years only,Historic cost summary from chosen cost CSV; no current-year costs.,float64,0.19525448288353559,0.14676650782845474,0.11596385542168675,0.09901526786520914
hist_age_band_last1_std_log1p,supplemental_inventory_or_new_transform,True,previous calendar years only,Historic cost summary from chosen cost CSV; no current-year costs.,float64,0.19525448288353559,0.14676650782845474,0.11596385542168675,0.09901526786520914
hist_age_band_last1_tail_rate,requested_csv_or_initial_derivation,True,previous calendar years only,Historic cost summary from chosen cost CSV; no current-year costs.,float64,0.19525448288353559,0.14676650782845474,0.11596385542168675,0.09738910470683892
hist_age_band_last2_max,requested_csv_or_initial_derivation,True,previous calendar years only,Historic cost summary from chosen cost CSV; no current-year costs.,float64,0.19525448288353559,0.14676650782845474,0.11596385542168675,0.09901526786520914
hist_age_band_last2_max_log1p,supplemental_inventory_or_new_transform,True,previous calendar years only,Historic cost summary from chosen cost CSV; no current-year costs.,float64,0.19525448288353559,0.14676650782845474,0.11596385542168675,0.09901526786520914
hist_age_band_last2_mean,requested_csv_or_initial_derivation,True,previous calendar years only,Historic cost summary from chosen cost CSV; no current-year costs.,float64,0.19525448288353559,0.14676650782845474,0.11596385542168675,0.09738910470683892
hist_age_band_last2_mean_log1p,supplemental_inventory_or_new_transform,True,previous calendar years only,Historic cost summary from chosen cost CSV; no current-year costs.,float64,0.19525448288353559,0.14676650782845474,0.11596385542168675,0.09738910470683892
hist_age_band_last2_median,requested_csv_or_initial_derivation,True,previous calendar years only,Historic cost summary from chosen cost CSV; no current-year costs.,float64,0.19525448288353559,0.14676650782845474,0.11596385542168675,0.09901526786520914
hist_age_band_last2_median_log1p,supplemental_inventory_or_new_transform,True,previous calendar years only,Historic cost summary from chosen cost CSV; no current-year costs.,float64,0.19525448288353559,0.14676650782845474,0.11596385542168675,0.09901526786520914
hist_age_band_last2_n,requested_csv_or_initial_derivation,False,previous calendar years only,,float64,0.0,0.0,0.0,0.0
hist_age_band_last2_std,requested_csv_or_initial_derivation,True,previous calendar years only,Historic cost summary from chosen cost CSV; no current-year costs.,float64,0.19525448288353559,0.14676650782845474,0.11596385542168675,0.09901526786520914
hist_age_band_last2_std_log1p,supplemental_inventory_or_new_transform,True,previous calendar years only,Historic cost summary from chosen cost CSV; no current-year costs.,float64,0.19525448288353559,0.14676650782845474,0.11596385542168675,0.09901526786520914
hist_age_band_last2_tail_rate,requested_csv_or_initial_derivation,True,previous calendar years only,Historic cost summary from chosen cost CSV; no current-year costs.,float64,0.19525448288353559,0.14676650782845474,0.11596385542168675,0.09738910470683892
hist_grid1000_all_max,requested_csv_or_initial_derivation,True,previous calendar years only,Historic cost summary from chosen cost CSV; no current-year costs.,float64,0.19815250860351385,0.1524846834581348,0.12048192771084337,0.10136417020507724
hist_grid1000_all_max_log1p,supplemental_inventory_or_new_transform,True,previous calendar years only,Historic cost summary from chosen cost CSV; no current-year costs.,float64,0.19815250860351385,0.1524846834581348,0.12048192771084337,0.10136417020507724
hist_grid1000_all_mean,requested_csv_or_initial_derivation,True,previous calendar years only,Historic cost summary from chosen cost CSV; no current-year costs.,float64,0.19525448288353559,0.14676650782845474,0.11596385542168675,0.09738910470683892
hist_grid1000_all_mean_log1p,supplemental_inventory_or_new_transform,True,previous calendar years only,Historic cost summary from chosen cost CSV; no current-year costs.,float64,0.19525448288353559,0.14676650782845474,0.11596385542168675,0.09738910470683892
hist_grid1000_all_median,requested_csv_or_initial_derivation,True,previous calendar years only,Historic cost summary from chosen cost CSV; no current-year costs.,float64,0.19815250860351385,0.1524846834581348,0.12048192771084337,0.10136417020507724
hist_grid1000_all_median_log1p,supplemental_inventory_or_new_transform,True,previous calendar years only,Historic cost summary from chosen cost CSV; no current-year costs.,float64,0.19815250860351385,0.1524846834581348,0.12048192771084337,0.10136417020507724
hist_grid1000_all_n,requested_csv_or_initial_derivation,False,previous calendar years only,,float64,0.0,0.0,0.0,0.0
hist_grid1000_all_std,requested_csv_or_initial_derivation,True,previous calendar years only,Historic cost summary from chosen cost CSV; no current-year costs.,float64,0.22604600615830467,0.17345132743362832,0.13704819277108435,0.11527689944891137
hist_grid1000_all_std_log1p,supplemental_inventory_or_new_transform,True,previous calendar years only,Historic cost summary from chosen cost CSV; no current-year costs.,float64,0.22604600615830467,0.17345132743362832,0.13704819277108435,0.11527689944891137
hist_grid1000_all_tail_rate,requested_csv_or_initial_derivation,True,previous calendar years only,Historic cost summary from chosen cost CSV; no current-year costs.,float64,0.19525448288353559,0.14676650782845474,0.11596385542168675,0.09738910470683892
hist_grid1000_last1_max,requested_csv_or_initial_derivation,True,previous calendar years only,Historic cost summary from chosen cost CSV; no current-year costs.,float64,0.1992392682485057,0.15330156569094622,0.12155765920826161,0.10299033336344747
hist_grid1000_last1_max_log1p,supplemental_inventory_or_new_transform,True,previous calendar years only,Historic cost summary from chosen cost CSV; no current-year costs.,float64,0.1992392682485057,0.15330156569094622,0.12155765920826161,0.10299033336344747
hist_grid1000_last1_mean,requested_csv_or_initial_derivation,True,previous calendar years only,Historic cost summary from chosen cost CSV; no current-year costs.,float64,0.19525448288353559,0.14676650782845474,0.11596385542168675,0.09738910470683892
hist_grid1000_last1_mean_log1p,supplemental_inventory_or_new_transform,True,previous calendar years only,Historic cost summary from chosen cost CSV; no current-year costs.,float64,0.19525448288353559,0.14676650782845474,0.11596385542168675,0.09738910470683892
hist_grid1000_last1_median,requested_csv_or_initial_derivation,True,previous calendar years only,Historic cost summary from chosen cost CSV; no current-year costs.,float64,0.1992392682485057,0.15330156569094622,0.12155765920826161,0.10299033336344747
hist_grid1000_last1_median_log1p,supplemental_inventory_or_new_transform,True,previous calendar years only,Historic cost summary from chosen cost CSV; no current-year costs.,float64,0.1992392682485057,0.15330156569094622,0.12155765920826161,0.10299033336344747
hist_grid1000_last1_n,requested_csv_or_initial_derivation,False,previous calendar years only,,float64,0.0,0.0,0.0,0.0
hist_grid1000_last1_std,requested_csv_or_initial_derivation,True,previous calendar years only,Historic cost summary from chosen cost CSV; no current-year costs.,float64,0.24651331280565114,0.1934649421375085,0.1536144578313253,0.13054476465805404
hist_grid1000_last1_std_log1p,supplemental_inventory_or_new_transform,True,previous calendar years only,Historic cost summary from chosen cost CSV; no current-year costs.,float64,0.24651331280565114,0.1934649421375085,0.1536144578313253,0.13054476465805404
hist_grid1000_last1_tail_rate,requested_csv_or_initial_derivation,True,previous calendar years only,Historic cost summary from chosen cost CSV; no current-year costs.,float64,0.19525448288353559,0.14676650782845474,0.11596385542168675,0.09738910470683892
hist_grid1000_last2_max,requested_csv_or_initial_derivation,True,previous calendar years only,Historic cost summary from chosen cost CSV; no current-year costs.,float64,0.19815250860351385,0.1524846834581348,0.12069707401032702,0.10190622459120065
hist_grid1000_last2_max_log1p,supplemental_inventory_or_new_transform,True,previous calendar years only,Historic cost summary from chosen cost CSV; no current-year costs.,float64,0.19815250860351385,0.1524846834581348,0.12069707401032702,0.10190622459120065
hist_grid1000_last2_mean,requested_csv_or_initial_derivation,True,previous calendar years only,Historic cost summary from chosen cost CSV; no current-year costs.,float64,0.19525448288353559,0.14676650782845474,0.11596385542168675,0.09738910470683892
hist_grid1000_last2_mean_log1p,supplemental_inventory_or_new_transform,True,previous calendar years only,Historic cost summary from chosen cost CSV; no current-year costs.,float64,0.19525448288353559,0.14676650782845474,0.11596385542168675,0.09738910470683892
hist_grid1000_last2_median,requested_csv_or_initial_derivation,True,previous calendar years only,Historic cost summary from chosen cost CSV; no current-year costs.,float64,0.19815250860351385,0.1524846834581348,0.12069707401032702,0.10190622459120065
hist_grid1000_last2_median_log1p,supplemental_inventory_or_new_transform,True,previous calendar years only,Historic cost summary from chosen cost CSV; no current-year costs.,float64,0.19815250860351385,0.1524846834581348,0.12069707401032702,0.10190622459120065
hist_grid1000_last2_n,requested_csv_or_initial_derivation,False,previous calendar years only,,float64,0.0,0.0,0.0,0.0
hist_grid1000_last2_std,requested_csv_or_initial_derivation,True,previous calendar years only,Historic cost summary from chosen cost CSV; no current-year costs.,float64,0.2289440318782829,0.17617426820966645,0.13941480206540446,0.11798717137952841
hist_grid1000_last2_std_log1p,supplemental_inventory_or_new_transform,True,previous calendar years only,Historic cost summary from chosen cost CSV; no current-year costs.,float64,0.2289440318782829,0.17617426820966645,0.13941480206540446,0.11798717137952841
hist_grid1000_last2_tail_rate,requested_csv_or_initial_derivation,True,previous calendar years only,Historic cost summary from chosen cost CSV; no current-year costs.,float64,0.19525448288353559,0.14676650782845474,0.11596385542168675,0.09738910470683892
hist_grid250_all_max,requested_csv_or_initial_derivation,True,previous calendar years only,Historic cost summary from chosen cost CSV; no current-year costs.,float64,0.40355008150697336,0.33818924438393466,0.278184165232358,0.23660673954286746
hist_grid250_all_max_log1p,supplemental_inventory_or_new_transform,True,previous calendar years only,Historic cost summary from chosen cost CSV; no current-year costs.,float64,0.40355008150697336,0.33818924438393466,0.278184165232358,0.23660673954286746
hist_grid250_all_mean,requested_csv_or_initial_derivation,True,previous calendar years only,Historic cost summary from chosen cost CSV; no current-year costs.,float64,0.19525448288353559,0.14676650782845474,0.11596385542168675,0.09738910470683892
hist_grid250_all_mean_log1p,supplemental_inventory_or_new_transform,True,previous calendar years only,Historic cost summary from chosen cost CSV; no current-year costs.,float64,0.19525448288353559,0.14676650782845474,0.11596385542168675,0.09738910470683892
hist_grid250_all_median,requested_csv_or_initial_derivation,True,previous calendar years only,Historic cost summary from chosen cost CSV; no current-year costs.,float64,0.40355008150697336,0.33818924438393466,0.278184165232358,0.23660673954286746
hist_grid250_all_median_log1p,supplemental_inventory_or_new_transform,True,previous calendar years only,Historic cost summary from chosen cost CSV; no current-year costs.,float64,0.40355008150697336,0.33818924438393466,0.278184165232358,0.23660673954286746
hist_grid250_all_n,requested_csv_or_initial_derivation,False,previous calendar years only,,float64,0.0,0.0,0.0,0.0
hist_grid250_all_std,requested_csv_or_initial_derivation,True,previous calendar years only,Historic cost summary from chosen cost CSV; no current-year costs.,float64,0.4589748234015577,0.41674608577263444,0.34660068846815834,0.29939470593549555
hist_grid250_all_std_log1p,supplemental_inventory_or_new_transform,True,previous calendar years only,Historic cost summary from chosen cost CSV; no current-year costs.,float64,0.4589748234015577,0.41674608577263444,0.34660068846815834,0.29939470593549555
hist_grid250_all_tail_rate,requested_csv_or_initial_derivation,True,previous calendar years only,Historic cost summary from chosen cost CSV; no current-year costs.,float64,0.19525448288353559,0.14676650782845474,0.11596385542168675,0.09738910470683892
hist_grid250_last1_max,requested_csv_or_initial_derivation,True,previous calendar years only,Historic cost summary from chosen cost CSV; no current-year costs.,float64,0.5167542111936243,0.4562287270251872,0.401355421686747,0.36805492817779384
hist_grid250_last1_max_log1p,supplemental_inventory_or_new_transform,True,previous calendar years only,Historic cost summary from chosen cost CSV; no current-year costs.,float64,0.5167542111936243,0.4562287270251872,0.401355421686747,0.36805492817779384
hist_grid250_last1_mean,requested_csv_or_initial_derivation,True,previous calendar years only,Historic cost summary from chosen cost CSV; no current-year costs.,float64,0.19525448288353559,0.14676650782845474,0.11596385542168675,0.09738910470683892
hist_grid250_last1_mean_log1p,supplemental_inventory_or_new_transform,True,previous calendar years only,Historic cost summary from chosen cost CSV; no current-year costs.,float64,0.19525448288353559,0.14676650782845474,0.11596385542168675,0.09738910470683892
hist_grid250_last1_median,requested_csv_or_initial_derivation,True,previous calendar years only,Historic cost summary from chosen cost CSV; no current-year costs.,float64,0.5167542111936243,0.4562287270251872,0.401355421686747,0.36805492817779384
hist_grid250_last1_median_log1p,supplemental_inventory_or_new_transform,True,previous calendar years only,Historic cost summary from chosen cost CSV; no current-year costs.,float64,0.5167542111936243,0.4562287270251872,0.401355421686747,0.36805492817779384
hist_grid250_last1_n,requested_csv_or_initial_derivation,False,previous calendar years only,,float64,0.0,0.0,0.0,0.0
hist_grid250_last1_std,requested_csv_or_initial_derivation,True,previous calendar years only,Historic cost summary from chosen cost CSV; no current-year costs.,float64,0.5978989313530158,0.5780803267528931,0.5287220309810671,0.5026651007317734
hist_grid250_last1_std_log1p,supplemental_inventory_or_new_transform,True,previous calendar years only,Historic cost summary from chosen cost CSV; no current-year costs.,float64,0.5978989313530158,0.5780803267528931,0.5287220309810671,0.5026651007317734
hist_grid250_last1_tail_rate,requested_csv_or_initial_derivation,True,previous calendar years only,Historic cost summary from chosen cost CSV; no current-year costs.,float64,0.19525448288353559,0.14676650782845474,0.11596385542168675,0.09738910470683892
hist_grid250_last2_max,requested_csv_or_initial_derivation,True,previous calendar years only,Historic cost summary from chosen cost CSV; no current-year costs.,float64,0.41659119724687554,0.3680054458815521,0.3198149741824441,0.28006143283042734
hist_grid250_last2_max_log1p,supplemental_inventory_or_new_transform,True,previous calendar years only,Historic cost summary from chosen cost CSV; no current-year costs.,float64,0.41659119724687554,0.3680054458815521,0.3198149741824441,0.28006143283042734
hist_grid250_last2_mean,requested_csv_or_initial_derivation,True,previous calendar years only,Historic cost summary from chosen cost CSV; no current-year costs.,float64,0.19525448288353559,0.14676650782845474,0.11596385542168675,0.09738910470683892
hist_grid250_last2_mean_log1p,supplemental_inventory_or_new_transform,True,previous calendar years only,Historic cost summary from chosen cost CSV; no current-year costs.,float64,0.19525448288353559,0.14676650782845474,0.11596385542168675,0.09738910470683892
hist_grid250_last2_median,requested_csv_or_initial_derivation,True,previous calendar years only,Historic cost summary from chosen cost CSV; no current-year costs.,float64,0.41659119724687554,0.3680054458815521,0.3198149741824441,0.28006143283042734
hist_grid250_last2_median_log1p,supplemental_inventory_or_new_transform,True,previous calendar years only,Historic cost summary from chosen cost CSV; no current-year costs.,float64,0.41659119724687554,0.3680054458815521,0.3198149741824441,0.28006143283042734
hist_grid250_last2_n,requested_csv_or_initial_derivation,False,previous calendar years only,,float64,0.0,0.0,0.0,0.0
hist_grid250_last2_std,requested_csv_or_initial_derivation,True,previous calendar years only,Historic cost summary from chosen cost CSV; no current-year costs.,float64,0.4971925375837711,0.48631722260040844,0.4380378657487091,0.39326045713253227
hist_grid250_last2_std_log1p,supplemental_inventory_or_new_transform,True,previous calendar years only,Historic cost summary from chosen cost CSV; no current-year costs.,float64,0.4971925375837711,0.48631722260040844,0.4380378657487091,0.39326045713253227
hist_grid250_last2_tail_rate,requested_csv_or_initial_derivation,True,previous calendar years only,Historic cost summary from chosen cost CSV; no current-year costs.,float64,0.19525448288353559,0.14676650782845474,0.11596385542168675,0.09738910470683892
hist_grid500_all_max,requested_csv_or_initial_derivation,True,previous calendar years only,Historic cost summary from chosen cost CSV; no current-year costs.,float64,0.28799130592284006,0.22559564329475834,0.17932444061962136,0.15096214653536905
hist_grid500_all_max_log1p,supplemental_inventory_or_new_transform,True,previous calendar years only,Historic cost summary from chosen cost CSV; no current-year costs.,float64,0.28799130592284006,0.22559564329475834,0.17932444061962136,0.15096214653536905
hist_grid500_all_mean,requested_csv_or_initial_derivation,True,previous calendar years only,Historic cost summary from chosen cost CSV; no current-year costs.,float64,0.19525448288353559,0.14676650782845474,0.11596385542168675,0.09738910470683892
hist_grid500_all_mean_log1p,supplemental_inventory_or_new_transform,True,previous calendar years only,Historic cost summary from chosen cost CSV; no current-year costs.,float64,0.19525448288353559,0.14676650782845474,0.11596385542168675,0.09738910470683892
hist_grid500_all_median,requested_csv_or_initial_derivation,True,previous calendar years only,Historic cost summary from chosen cost CSV; no current-year costs.,float64,0.28799130592284006,0.22559564329475834,0.17932444061962136,0.15096214653536905
hist_grid500_all_median_log1p,supplemental_inventory_or_new_transform,True,previous calendar years only,Historic cost summary from chosen cost CSV; no current-year costs.,float64,0.28799130592284006,0.22559564329475834,0.17932444061962136,0.15096214653536905
hist_grid500_all_n,requested_csv_or_initial_derivation,False,previous calendar years only,,float64,0.0,0.0,0.0,0.0
hist_grid500_all_std,requested_csv_or_initial_derivation,True,previous calendar years only,Historic cost summary from chosen cost CSV; no current-year costs.,float64,0.33490309726498824,0.26221919673247107,0.20836919104991394,0.17544493630860963
hist_grid500_all_std_log1p,supplemental_inventory_or_new_transform,True,previous calendar years only,Historic cost summary from chosen cost CSV; no current-year costs.,float64,0.33490309726498824,0.26221919673247107,0.20836919104991394,0.17544493630860963
hist_grid500_all_tail_rate,requested_csv_or_initial_derivation,True,previous calendar years only,Historic cost summary from chosen cost CSV; no current-year costs.,float64,0.19525448288353559,0.14676650782845474,0.11596385542168675,0.09738910470683892
hist_grid500_last1_max,requested_csv_or_initial_derivation,True,previous calendar years only,Historic cost summary from chosen cost CSV; no current-year costs.,float64,0.32367324760007243,0.2660313138189244,0.21245697074010328,0.18041376818140753
hist_grid500_last1_max_log1p,supplemental_inventory_or_new_transform,True,previous calendar years only,Historic cost summary from chosen cost CSV; no current-year costs.,float64,0.32367324760007243,0.2660313138189244,0.21245697074010328,0.18041376818140753
hist_grid500_last1_mean,requested_csv_or_initial_derivation,True,previous calendar years only,Historic cost summary from chosen cost CSV; no current-year costs.,float64,0.19525448288353559,0.14676650782845474,0.11596385542168675,0.09738910470683892
hist_grid500_last1_mean_log1p,supplemental_inventory_or_new_transform,True,previous calendar years only,Historic cost summary from chosen cost CSV; no current-year costs.,float64,0.19525448288353559,0.14676650782845474,0.11596385542168675,0.09738910470683892
hist_grid500_last1_median,requested_csv_or_initial_derivation,True,previous calendar years only,Historic cost summary from chosen cost CSV; no current-year costs.,float64,0.32367324760007243,0.2660313138189244,0.21245697074010328,0.18041376818140753
hist_grid500_last1_median_log1p,supplemental_inventory_or_new_transform,True,previous calendar years only,Historic cost summary from chosen cost CSV; no current-year costs.,float64,0.32367324760007243,0.2660313138189244,0.21245697074010328,0.18041376818140753
hist_grid500_last1_n,requested_csv_or_initial_derivation,False,previous calendar years only,,float64,0.0,0.0,0.0,0.0
hist_grid500_last1_std,requested_csv_or_initial_derivation,True,previous calendar years only,Historic cost summary from chosen cost CSV; no current-year costs.,float64,0.39195797862706033,0.35602450646698436,0.32626936316695354,0.2817779383864848
hist_grid500_last1_std_log1p,supplemental_inventory_or_new_transform,True,previous calendar years only,Historic cost summary from chosen cost CSV; no current-year costs.,float64,0.39195797862706033,0.35602450646698436,0.32626936316695354,0.2817779383864848
hist_grid500_last1_tail_rate,requested_csv_or_initial_derivation,True,previous calendar years only,Historic cost summary from chosen cost CSV; no current-year costs.,float64,0.19525448288353559,0.14676650782845474,0.11596385542168675,0.09738910470683892
hist_grid500_last2_max,requested_csv_or_initial_derivation,True,previous calendar years only,Historic cost summary from chosen cost CSV; no current-year costs.,float64,0.28799130592284006,0.22845473110959835,0.18201376936316696,0.1544855000451712
hist_grid500_last2_max_log1p,supplemental_inventory_or_new_transform,True,previous calendar years only,Historic cost summary from chosen cost CSV; no current-year costs.,float64,0.28799130592284006,0.22845473110959835,0.18201376936316696,0.1544855000451712
hist_grid500_last2_mean,requested_csv_or_initial_derivation,True,previous calendar years only,Historic cost summary from chosen cost CSV; no current-year costs.,float64,0.19525448288353559,0.14676650782845474,0.11596385542168675,0.09738910470683892
hist_grid500_last2_mean_log1p,supplemental_inventory_or_new_transform,True,previous calendar years only,Historic cost summary from chosen cost CSV; no current-year costs.,float64,0.19525448288353559,0.14676650782845474,0.11596385542168675,0.09738910470683892
hist_grid500_last2_median,requested_csv_or_initial_derivation,True,previous calendar years only,Historic cost summary from chosen cost CSV; no current-year costs.,float64,0.28799130592284006,0.22845473110959835,0.18201376936316696,0.1544855000451712
hist_grid500_last2_median_log1p,supplemental_inventory_or_new_transform,True,previous calendar years only,Historic cost summary from chosen cost CSV; no current-year costs.,float64,0.28799130592284006,0.22845473110959835,0.18201376936316696,0.1544855000451712
hist_grid500_last2_n,requested_csv_or_initial_derivation,False,previous calendar years only,,float64,0.0,0.0,0.0,0.0
hist_grid500_last2_std,requested_csv_or_initial_derivation,True,previous calendar years only,Historic cost summary from chosen cost CSV; no current-year costs.,float64,0.33943126245245425,0.30401633764465624,0.2594664371772806,0.22133887433372482
hist_grid500_last2_std_log1p,supplemental_inventory_or_new_transform,True,previous calendar years only,Historic cost summary from chosen cost CSV; no current-year costs.,float64,0.33943126245245425,0.30401633764465624,0.2594664371772806,0.22133887433372482
hist_grid500_last2_tail_rate,requested_csv_or_initial_derivation,True,previous calendar years only,Historic cost summary from chosen cost CSV; no current-year costs.,float64,0.19525448288353559,0.14676650782845474,0.11596385542168675,0.09738910470683892
hist_length_band_all_max,requested_csv_or_initial_derivation,True,previous calendar years only,Historic cost summary from chosen cost CSV; no current-year costs.,float64,0.19525448288353559,0.14676650782845474,0.11596385542168675,0.09738910470683892
hist_length_band_all_max_log1p,supplemental_inventory_or_new_transform,True,previous calendar years only,Historic cost summary from chosen cost CSV; no current-year costs.,float64,0.19525448288353559,0.14676650782845474,0.11596385542168675,0.09738910470683892
hist_length_band_all_mean,requested_csv_or_initial_derivation,True,previous calendar years only,Historic cost summary from chosen cost CSV; no current-year costs.,float64,0.19525448288353559,0.14676650782845474,0.11596385542168675,0.09738910470683892
hist_length_band_all_mean_log1p,supplemental_inventory_or_new_transform,True,previous calendar years only,Historic cost summary from chosen cost CSV; no current-year costs.,float64,0.19525448288353559,0.14676650782845474,0.11596385542168675,0.09738910470683892
hist_length_band_all_median,requested_csv_or_initial_derivation,True,previous calendar years only,Historic cost summary from chosen cost CSV; no current-year costs.,float64,0.19525448288353559,0.14676650782845474,0.11596385542168675,0.09738910470683892
hist_length_band_all_median_log1p,supplemental_inventory_or_new_transform,True,previous calendar years only,Historic cost summary from chosen cost CSV; no current-year costs.,float64,0.19525448288353559,0.14676650782845474,0.11596385542168675,0.09738910470683892
hist_length_band_all_n,requested_csv_or_initial_derivation,False,previous calendar years only,,float64,0.0,0.0,0.0,0.0
hist_length_band_all_std,requested_csv_or_initial_derivation,True,previous calendar years only,Historic cost summary from chosen cost CSV; no current-year costs.,float64,0.19525448288353559,0.14676650782845474,0.11596385542168675,0.09738910470683892
hist_length_band_all_std_log1p,supplemental_inventory_or_new_transform,True,previous calendar years only,Historic cost summary from chosen cost CSV; no current-year costs.,float64,0.19525448288353559,0.14676650782845474,0.11596385542168675,0.09738910470683892
hist_length_band_all_tail_rate,requested_csv_or_initial_derivation,True,previous calendar years only,Historic cost summary from chosen cost CSV; no current-year costs.,float64,0.19525448288353559,0.14676650782845474,0.11596385542168675,0.09738910470683892
hist_length_band_last1_max,requested_csv_or_initial_derivation,True,previous calendar years only,Historic cost summary from chosen cost CSV; no current-year costs.,float64,0.19525448288353559,0.14676650782845474,0.11596385542168675,0.09738910470683892
hist_length_band_last1_max_log1p,supplemental_inventory_or_new_transform,True,previous calendar years only,Historic cost summary from chosen cost CSV; no current-year costs.,float64,0.19525448288353559,0.14676650782845474,0.11596385542168675,0.09738910470683892
hist_length_band_last1_mean,requested_csv_or_initial_derivation,True,previous calendar years only,Historic cost summary from chosen cost CSV; no current-year costs.,float64,0.19525448288353559,0.14676650782845474,0.11596385542168675,0.09738910470683892
hist_length_band_last1_mean_log1p,supplemental_inventory_or_new_transform,True,previous calendar years only,Historic cost summary from chosen cost CSV; no current-year costs.,float64,0.19525448288353559,0.14676650782845474,0.11596385542168675,0.09738910470683892
hist_length_band_last1_median,requested_csv_or_initial_derivation,True,previous calendar years only,Historic cost summary from chosen cost CSV; no current-year costs.,float64,0.19525448288353559,0.14676650782845474,0.11596385542168675,0.09738910470683892
hist_length_band_last1_median_log1p,supplemental_inventory_or_new_transform,True,previous calendar years only,Historic cost summary from chosen cost CSV; no current-year costs.,float64,0.19525448288353559,0.14676650782845474,0.11596385542168675,0.09738910470683892
hist_length_band_last1_n,requested_csv_or_initial_derivation,False,previous calendar years only,,float64,0.0,0.0,0.0,0.0
hist_length_band_last1_std,requested_csv_or_initial_derivation,True,previous calendar years only,Historic cost summary from chosen cost CSV; no current-year costs.,float64,0.19525448288353559,0.14676650782845474,0.11596385542168675,0.09738910470683892
hist_length_band_last1_std_log1p,supplemental_inventory_or_new_transform,True,previous calendar years only,Historic cost summary from chosen cost CSV; no current-year costs.,float64,0.19525448288353559,0.14676650782845474,0.11596385542168675,0.09738910470683892
hist_length_band_last1_tail_rate,requested_csv_or_initial_derivation,True,previous calendar years only,Historic cost summary from chosen cost CSV; no current-year costs.,float64,0.19525448288353559,0.14676650782845474,0.11596385542168675,0.09738910470683892
hist_length_band_last2_max,requested_csv_or_initial_derivation,True,previous calendar years only,Historic cost summary from chosen cost CSV; no current-year costs.,float64,0.19525448288353559,0.14676650782845474,0.11596385542168675,0.09738910470683892
hist_length_band_last2_max_log1p,supplemental_inventory_or_new_transform,True,previous calendar years only,Historic cost summary from chosen cost CSV; no current-year costs.,float64,0.19525448288353559,0.14676650782845474,0.11596385542168675,0.09738910470683892
hist_length_band_last2_mean,requested_csv_or_initial_derivation,True,previous calendar years only,Historic cost summary from chosen cost CSV; no current-year costs.,float64,0.19525448288353559,0.14676650782845474,0.11596385542168675,0.09738910470683892
hist_length_band_last2_mean_log1p,supplemental_inventory_or_new_transform,True,previous calendar years only,Historic cost summary from chosen cost CSV; no current-year costs.,float64,0.19525448288353559,0.14676650782845474,0.11596385542168675,0.09738910470683892
hist_length_band_last2_median,requested_csv_or_initial_derivation,True,previous calendar years only,Historic cost summary from chosen cost CSV; no current-year costs.,float64,0.19525448288353559,0.14676650782845474,0.11596385542168675,0.09738910470683892
hist_length_band_last2_median_log1p,supplemental_inventory_or_new_transform,True,previous calendar years only,Historic cost summary from chosen cost CSV; no current-year costs.,float64,0.19525448288353559,0.14676650782845474,0.11596385542168675,0.09738910470683892
hist_length_band_last2_n,requested_csv_or_initial_derivation,False,previous calendar years only,,float64,0.0,0.0,0.0,0.0
hist_length_band_last2_std,requested_csv_or_initial_derivation,True,previous calendar years only,Historic cost summary from chosen cost CSV; no current-year costs.,float64,0.19525448288353559,0.14676650782845474,0.11596385542168675,0.09738910470683892
hist_length_band_last2_std_log1p,supplemental_inventory_or_new_transform,True,previous calendar years only,Historic cost summary from chosen cost CSV; no current-year costs.,float64,0.19525448288353559,0.14676650782845474,0.11596385542168675,0.09738910470683892
hist_length_band_last2_tail_rate,requested_csv_or_initial_derivation,True,previous calendar years only,Historic cost summary from chosen cost CSV; no current-year costs.,float64,0.19525448288353559,0.14676650782845474,0.11596385542168675,0.09738910470683892
hist_material_all_max,requested_csv_or_initial_derivation,True,previous calendar years only,Historic cost summary from chosen cost CSV; no current-year costs.,float64,0.19525448288353559,0.14676650782845474,0.11596385542168675,0.09738910470683892
hist_material_all_max_log1p,supplemental_inventory_or_new_transform,True,previous calendar years only,Historic cost summary from chosen cost CSV; no current-year costs.,float64,0.19525448288353559,0.14676650782845474,0.11596385542168675,0.09738910470683892
hist_material_all_mean,requested_csv_or_initial_derivation,True,previous calendar years only,Historic cost summary from chosen cost CSV; no current-year costs.,float64,0.19525448288353559,0.14676650782845474,0.11596385542168675,0.09738910470683892
hist_material_all_mean_log1p,supplemental_inventory_or_new_transform,True,previous calendar years only,Historic cost summary from chosen cost CSV; no current-year costs.,float64,0.19525448288353559,0.14676650782845474,0.11596385542168675,0.09738910470683892
hist_material_all_median,requested_csv_or_initial_derivation,True,previous calendar years only,Historic cost summary from chosen cost CSV; no current-year costs.,float64,0.19525448288353559,0.14676650782845474,0.11596385542168675,0.09738910470683892
hist_material_all_median_log1p,supplemental_inventory_or_new_transform,True,previous calendar years only,Historic cost summary from chosen cost CSV; no current-year costs.,float64,0.19525448288353559,0.14676650782845474,0.11596385542168675,0.09738910470683892
hist_material_all_n,requested_csv_or_initial_derivation,False,previous calendar years only,,float64,0.0,0.0,0.0,0.0
hist_material_all_std,requested_csv_or_initial_derivation,True,previous calendar years only,Historic cost summary from chosen cost CSV; no current-year costs.,float64,0.19525448288353559,0.14676650782845474,0.11596385542168675,0.09738910470683892
hist_material_all_std_log1p,supplemental_inventory_or_new_transform,True,previous calendar years only,Historic cost summary from chosen cost CSV; no current-year costs.,float64,0.19525448288353559,0.14676650782845474,0.11596385542168675,0.09738910470683892
hist_material_all_tail_rate,requested_csv_or_initial_derivation,True,previous calendar years only,Historic cost summary from chosen cost CSV; no current-year costs.,float64,0.19525448288353559,0.14676650782845474,0.11596385542168675,0.09738910470683892
hist_material_last1_max,requested_csv_or_initial_derivation,True,previous calendar years only,Historic cost summary from chosen cost CSV; no current-year costs.,float64,0.19525448288353559,0.14676650782845474,0.11596385542168675,0.09738910470683892
hist_material_last1_max_log1p,supplemental_inventory_or_new_transform,True,previous calendar years only,Historic cost summary from chosen cost CSV; no current-year costs.,float64,0.19525448288353559,0.14676650782845474,0.11596385542168675,0.09738910470683892
hist_material_last1_mean,requested_csv_or_initial_derivation,True,previous calendar years only,Historic cost summary from chosen cost CSV; no current-year costs.,float64,0.19525448288353559,0.14676650782845474,0.11596385542168675,0.09738910470683892
hist_material_last1_mean_log1p,supplemental_inventory_or_new_transform,True,previous calendar years only,Historic cost summary from chosen cost CSV; no current-year costs.,float64,0.19525448288353559,0.14676650782845474,0.11596385542168675,0.09738910470683892
hist_material_last1_median,requested_csv_or_initial_derivation,True,previous calendar years only,Historic cost summary from chosen cost CSV; no current-year costs.,float64,0.19525448288353559,0.14676650782845474,0.11596385542168675,0.09738910470683892
hist_material_last1_median_log1p,supplemental_inventory_or_new_transform,True,previous calendar years only,Historic cost summary from chosen cost CSV; no current-year costs.,float64,0.19525448288353559,0.14676650782845474,0.11596385542168675,0.09738910470683892
hist_material_last1_n,requested_csv_or_initial_derivation,False,previous calendar years only,,float64,0.0,0.0,0.0,0.0
hist_material_last1_std,requested_csv_or_initial_derivation,True,previous calendar years only,Historic cost summary from chosen cost CSV; no current-year costs.,float64,0.19525448288353559,0.14676650782845474,0.11596385542168675,0.09738910470683892
hist_material_last1_std_log1p,supplemental_inventory_or_new_transform,True,previous calendar years only,Historic cost summary from chosen cost CSV; no current-year costs.,float64,0.19525448288353559,0.14676650782845474,0.11596385542168675,0.09738910470683892
hist_material_last1_tail_rate,requested_csv_or_initial_derivation,True,previous calendar years only,Historic cost summary from chosen cost CSV; no current-year costs.,float64,0.19525448288353559,0.14676650782845474,0.11596385542168675,0.09738910470683892
hist_material_last2_max,requested_csv_or_initial_derivation,True,previous calendar years only,Historic cost summary from chosen cost CSV; no current-year costs.,float64,0.19525448288353559,0.14676650782845474,0.11596385542168675,0.09738910470683892
hist_material_last2_max_log1p,supplemental_inventory_or_new_transform,True,previous calendar years only,Historic cost summary from chosen cost CSV; no current-year costs.,float64,0.19525448288353559,0.14676650782845474,0.11596385542168675,0.09738910470683892
hist_material_last2_mean,requested_csv_or_initial_derivation,True,previous calendar years only,Historic cost summary from chosen cost CSV; no current-year costs.,float64,0.19525448288353559,0.14676650782845474,0.11596385542168675,0.09738910470683892
hist_material_last2_mean_log1p,supplemental_inventory_or_new_transform,True,previous calendar years only,Historic cost summary from chosen cost CSV; no current-year costs.,float64,0.19525448288353559,0.14676650782845474,0.11596385542168675,0.09738910470683892
hist_material_last2_median,requested_csv_or_initial_derivation,True,previous calendar years only,Historic cost summary from chosen cost CSV; no current-year costs.,float64,0.19525448288353559,0.14676650782845474,0.11596385542168675,0.09738910470683892
hist_material_last2_median_log1p,supplemental_inventory_or_new_transform,True,previous calendar years only,Historic cost summary from chosen cost CSV; no current-year costs.,float64,0.19525448288353559,0.14676650782845474,0.11596385542168675,0.09738910470683892
hist_material_last2_n,requested_csv_or_initial_derivation,False,previous calendar years only,,float64,0.0,0.0,0.0,0.0
hist_material_last2_std,requested_csv_or_initial_derivation,True,previous calendar years only,Historic cost summary from chosen cost CSV; no current-year costs.,float64,0.19525448288353559,0.14676650782845474,0.11596385542168675,0.09738910470683892
hist_material_last2_std_log1p,supplemental_inventory_or_new_transform,True,previous calendar years only,Historic cost summary from chosen cost CSV; no current-year costs.,float64,0.19525448288353559,0.14676650782845474,0.11596385542168675,0.09738910470683892
hist_material_last2_tail_rate,requested_csv_or_initial_derivation,True,previous calendar years only,Historic cost summary from chosen cost CSV; no current-year costs.,float64,0.19525448288353559,0.14676650782845474,0.11596385542168675,0.09738910470683892
hist_material_surface_all_max,requested_csv_or_initial_derivation,True,previous calendar years only,Historic cost summary from chosen cost CSV; no current-year costs.,float64,0.2008694077159935,0.15098706603131382,0.1192986230636833,0.10018971903514319
hist_material_surface_all_max_log1p,supplemental_inventory_or_new_transform,True,previous calendar years only,Historic cost summary from chosen cost CSV; no current-year costs.,float64,0.2008694077159935,0.15098706603131382,0.1192986230636833,0.10018971903514319
hist_material_surface_all_mean,requested_csv_or_initial_derivation,True,previous calendar years only,Historic cost summary from chosen cost CSV; no current-year costs.,float64,0.19525448288353559,0.14676650782845474,0.11596385542168675,0.09738910470683892
hist_material_surface_all_mean_log1p,supplemental_inventory_or_new_transform,True,previous calendar years only,Historic cost summary from chosen cost CSV; no current-year costs.,float64,0.19525448288353559,0.14676650782845474,0.11596385542168675,0.09738910470683892
hist_material_surface_all_median,requested_csv_or_initial_derivation,True,previous calendar years only,Historic cost summary from chosen cost CSV; no current-year costs.,float64,0.2008694077159935,0.15098706603131382,0.1192986230636833,0.10018971903514319
hist_material_surface_all_median_log1p,supplemental_inventory_or_new_transform,True,previous calendar years only,Historic cost summary from chosen cost CSV; no current-year costs.,float64,0.2008694077159935,0.15098706603131382,0.1192986230636833,0.10018971903514319
hist_material_surface_all_n,requested_csv_or_initial_derivation,False,previous calendar years only,,float64,0.0,0.0,0.0,0.0
hist_material_surface_all_std,requested_csv_or_initial_derivation,True,previous calendar years only,Historic cost summary from chosen cost CSV; no current-year costs.,float64,0.20630320594095272,0.155071477195371,0.12252581755593804,0.10289999096576023
hist_material_surface_all_std_log1p,supplemental_inventory_or_new_transform,True,previous calendar years only,Historic cost summary from chosen cost CSV; no current-year costs.,float64,0.20630320594095272,0.155071477195371,0.12252581755593804,0.10289999096576023
hist_material_surface_all_tail_rate,requested_csv_or_initial_derivation,True,previous calendar years only,Historic cost summary from chosen cost CSV; no current-year costs.,float64,0.19525448288353559,0.14676650782845474,0.11596385542168675,0.09738910470683892
hist_material_surface_last1_max,requested_csv_or_initial_derivation,True,previous calendar years only,Historic cost summary from chosen cost CSV; no current-year costs.,float64,0.2039485600434704,0.15343771272974813,0.12209552495697074,0.10271930617038576
hist_material_surface_last1_max_log1p,supplemental_inventory_or_new_transform,True,previous calendar years only,Historic cost summary from chosen cost CSV; no current-year costs.,float64,0.2039485600434704,0.15343771272974813,0.12209552495697074,0.10271930617038576
hist_material_surface_last1_mean,requested_csv_or_initial_derivation,True,previous calendar years only,Historic cost summary from chosen cost CSV; no current-year costs.,float64,0.19525448288353559,0.14676650782845474,0.11596385542168675,0.09738910470683892
hist_material_surface_last1_mean_log1p,supplemental_inventory_or_new_transform,True,previous calendar years only,Historic cost summary from chosen cost CSV; no current-year costs.,float64,0.19525448288353559,0.14676650782845474,0.11596385542168675,0.09738910470683892
hist_material_surface_last1_median,requested_csv_or_initial_derivation,True,previous calendar years only,Historic cost summary from chosen cost CSV; no current-year costs.,float64,0.2039485600434704,0.15343771272974813,0.12209552495697074,0.10271930617038576
hist_material_surface_last1_median_log1p,supplemental_inventory_or_new_transform,True,previous calendar years only,Historic cost summary from chosen cost CSV; no current-year costs.,float64,0.2039485600434704,0.15343771272974813,0.12209552495697074,0.10271930617038576
hist_material_surface_last1_n,requested_csv_or_initial_derivation,False,previous calendar years only,,float64,0.0,0.0,0.0,0.0
hist_material_surface_last1_std,requested_csv_or_initial_derivation,True,previous calendar years only,Historic cost summary from chosen cost CSV; no current-year costs.,float64,0.3220431081325847,0.24220558202859088,0.19244836488812392,0.16189357665552442
hist_material_surface_last1_std_log1p,supplemental_inventory_or_new_transform,True,previous calendar years only,Historic cost summary from chosen cost CSV; no current-year costs.,float64,0.3220431081325847,0.24220558202859088,0.19244836488812392,0.16189357665552442
hist_material_surface_last1_tail_rate,requested_csv_or_initial_derivation,True,previous calendar years only,Historic cost summary from chosen cost CSV; no current-year costs.,float64,0.19525448288353559,0.14676650782845474,0.11596385542168675,0.09738910470683892
hist_material_surface_last2_max,requested_csv_or_initial_derivation,True,previous calendar years only,Historic cost summary from chosen cost CSV; no current-year costs.,float64,0.2008694077159935,0.15112321307011573,0.12026678141135973,0.10109314301201554
hist_material_surface_last2_max_log1p,supplemental_inventory_or_new_transform,True,previous calendar years only,Historic cost summary from chosen cost CSV; no current-year costs.,float64,0.2008694077159935,0.15112321307011573,0.12026678141135973,0.10109314301201554
hist_material_surface_last2_mean,requested_csv_or_initial_derivation,True,previous calendar years only,Historic cost summary from chosen cost CSV; no current-year costs.,float64,0.19525448288353559,0.14676650782845474,0.11596385542168675,0.09738910470683892
hist_material_surface_last2_mean_log1p,supplemental_inventory_or_new_transform,True,previous calendar years only,Historic cost summary from chosen cost CSV; no current-year costs.,float64,0.19525448288353559,0.14676650782845474,0.11596385542168675,0.09738910470683892
hist_material_surface_last2_median,requested_csv_or_initial_derivation,True,previous calendar years only,Historic cost summary from chosen cost CSV; no current-year costs.,float64,0.2008694077159935,0.15112321307011573,0.12026678141135973,0.10109314301201554
hist_material_surface_last2_median_log1p,supplemental_inventory_or_new_transform,True,previous calendar years only,Historic cost summary from chosen cost CSV; no current-year costs.,float64,0.2008694077159935,0.15112321307011573,0.12026678141135973,0.10109314301201554
hist_material_surface_last2_n,requested_csv_or_initial_derivation,False,previous calendar years only,,float64,0.0,0.0,0.0,0.0
hist_material_surface_last2_std,requested_csv_or_initial_derivation,True,previous calendar years only,Historic cost summary from chosen cost CSV; no current-year costs.,float64,0.20630320594095272,0.15520762423417292,0.12370912220309811,0.10407444213569428
hist_material_surface_last2_std_log1p,supplemental_inventory_or_new_transform,True,previous calendar years only,Historic cost summary from chosen cost CSV; no current-year costs.,float64,0.20630320594095272,0.15520762423417292,0.12370912220309811,0.10407444213569428
hist_material_surface_last2_tail_rate,requested_csv_or_initial_derivation,True,previous calendar years only,Historic cost summary from chosen cost CSV; no current-year costs.,float64,0.19525448288353559,0.14676650782845474,0.11596385542168675,0.09738910470683892
hist_nearest10_max,requested_csv_or_initial_derivation,True,previous calendar years only,Historic cost summary from chosen cost CSV; no current-year costs.,float64,0.19525448288353559,0.14676650782845474,0.11596385542168675,0.09738910470683892
hist_nearest10_max_log1p,supplemental_inventory_or_new_transform,True,previous calendar years only,Historic cost summary from chosen cost CSV; no current-year costs.,float64,0.19525448288353559,0.14676650782845474,0.11596385542168675,0.09738910470683892
hist_nearest10_mean,requested_csv_or_initial_derivation,True,previous calendar years only,Historic cost summary from chosen cost CSV; no current-year costs.,float64,0.19525448288353559,0.14676650782845474,0.11596385542168675,0.09738910470683892
hist_nearest10_mean_log1p,supplemental_inventory_or_new_transform,True,previous calendar years only,Historic cost summary from chosen cost CSV; no current-year costs.,float64,0.19525448288353559,0.14676650782845474,0.11596385542168675,0.09738910470683892
hist_nearest10_median,requested_csv_or_initial_derivation,True,previous calendar years only,Historic cost summary from chosen cost CSV; no current-year costs.,float64,0.19525448288353559,0.14676650782845474,0.11596385542168675,0.09738910470683892
hist_nearest10_median_log1p,supplemental_inventory_or_new_transform,True,previous calendar years only,Historic cost summary from chosen cost CSV; no current-year costs.,float64,0.19525448288353559,0.14676650782845474,0.11596385542168675,0.09738910470683892
hist_nearest25_max,requested_csv_or_initial_derivation,True,previous calendar years only,Historic cost summary from chosen cost CSV; no current-year costs.,float64,0.19525448288353559,0.14676650782845474,0.11596385542168675,0.09738910470683892
hist_nearest25_max_log1p,supplemental_inventory_or_new_transform,True,previous calendar years only,Historic cost summary from chosen cost CSV; no current-year costs.,float64,0.19525448288353559,0.14676650782845474,0.11596385542168675,0.09738910470683892
hist_nearest25_mean,requested_csv_or_initial_derivation,True,previous calendar years only,Historic cost summary from chosen cost CSV; no current-year costs.,float64,0.19525448288353559,0.14676650782845474,0.11596385542168675,0.09738910470683892
hist_nearest25_mean_log1p,supplemental_inventory_or_new_transform,True,previous calendar years only,Historic cost summary from chosen cost CSV; no current-year costs.,float64,0.19525448288353559,0.14676650782845474,0.11596385542168675,0.09738910470683892
hist_nearest25_median,requested_csv_or_initial_derivation,True,previous calendar years only,Historic cost summary from chosen cost CSV; no current-year costs.,float64,0.19525448288353559,0.14676650782845474,0.11596385542168675,0.09738910470683892
hist_nearest25_median_log1p,supplemental_inventory_or_new_transform,True,previous calendar years only,Historic cost summary from chosen cost CSV; no current-year costs.,float64,0.19525448288353559,0.14676650782845474,0.11596385542168675,0.09738910470683892
hist_nearest5_max,requested_csv_or_initial_derivation,True,previous calendar years only,Historic cost summary from chosen cost CSV; no current-year costs.,float64,0.19525448288353559,0.14676650782845474,0.11596385542168675,0.09738910470683892
hist_nearest5_max_log1p,supplemental_inventory_or_new_transform,True,previous calendar years only,Historic cost summary from chosen cost CSV; no current-year costs.,float64,0.19525448288353559,0.14676650782845474,0.11596385542168675,0.09738910470683892
hist_nearest5_mean,requested_csv_or_initial_derivation,True,previous calendar years only,Historic cost summary from chosen cost CSV; no current-year costs.,float64,0.19525448288353559,0.14676650782845474,0.11596385542168675,0.09738910470683892
hist_nearest5_mean_log1p,supplemental_inventory_or_new_transform,True,previous calendar years only,Historic cost summary from chosen cost CSV; no current-year costs.,float64,0.19525448288353559,0.14676650782845474,0.11596385542168675,0.09738910470683892
hist_nearest5_median,requested_csv_or_initial_derivation,True,previous calendar years only,Historic cost summary from chosen cost CSV; no current-year costs.,float64,0.19525448288353559,0.14676650782845474,0.11596385542168675,0.09738910470683892
hist_nearest5_median_log1p,supplemental_inventory_or_new_transform,True,previous calendar years only,Historic cost summary from chosen cost CSV; no current-year costs.,float64,0.19525448288353559,0.14676650782845474,0.11596385542168675,0.09738910470683892
hist_radius100_max,requested_csv_or_initial_derivation,True,previous calendar years only,Historic cost summary from chosen cost CSV; no current-year costs.,float64,0.45136750588661473,0.41238938053097346,0.348644578313253,0.30020778751468064
hist_radius100_max_log1p,supplemental_inventory_or_new_transform,True,previous calendar years only,Historic cost summary from chosen cost CSV; no current-year costs.,float64,0.45136750588661473,0.41238938053097346,0.348644578313253,0.30020778751468064
hist_radius100_mean,requested_csv_or_initial_derivation,True,previous calendar years only,Historic cost summary from chosen cost CSV; no current-year costs.,float64,0.19525448288353559,0.14676650782845474,0.11596385542168675,0.09738910470683892
hist_radius100_mean_log1p,supplemental_inventory_or_new_transform,True,previous calendar years only,Historic cost summary from chosen cost CSV; no current-year costs.,float64,0.19525448288353559,0.14676650782845474,0.11596385542168675,0.09738910470683892
hist_radius100_median,requested_csv_or_initial_derivation,True,previous calendar years only,Historic cost summary from chosen cost CSV; no current-year costs.,float64,0.45136750588661473,0.41238938053097346,0.348644578313253,0.30020778751468064
hist_radius100_median_log1p,supplemental_inventory_or_new_transform,True,previous calendar years only,Historic cost summary from chosen cost CSV; no current-year costs.,float64,0.45136750588661473,0.41238938053097346,0.348644578313253,0.30020778751468064
hist_radius100_n,requested_csv_or_initial_derivation,False,previous calendar years only,,float64,0.0,0.0,0.0,0.0
hist_radius100_tail_rate,requested_csv_or_initial_derivation,True,previous calendar years only,Historic cost summary from chosen cost CSV; no current-year costs.,float64,0.19525448288353559,0.14676650782845474,0.11596385542168675,0.09738910470683892
hist_radius250_max,requested_csv_or_initial_derivation,True,previous calendar years only,Historic cost summary from chosen cost CSV; no current-year costs.,float64,0.26933526535047997,0.20735194009530292,0.16394148020654045,0.1377721564730328
hist_radius250_max_log1p,supplemental_inventory_or_new_transform,True,previous calendar years only,Historic cost summary from chosen cost CSV; no current-year costs.,float64,0.26933526535047997,0.20735194009530292,0.16394148020654045,0.1377721564730328
hist_radius250_mean,requested_csv_or_initial_derivation,True,previous calendar years only,Historic cost summary from chosen cost CSV; no current-year costs.,float64,0.19525448288353559,0.14676650782845474,0.11596385542168675,0.09738910470683892
hist_radius250_mean_log1p,supplemental_inventory_or_new_transform,True,previous calendar years only,Historic cost summary from chosen cost CSV; no current-year costs.,float64,0.19525448288353559,0.14676650782845474,0.11596385542168675,0.09738910470683892
hist_radius250_median,requested_csv_or_initial_derivation,True,previous calendar years only,Historic cost summary from chosen cost CSV; no current-year costs.,float64,0.26933526535047997,0.20735194009530292,0.16394148020654045,0.1377721564730328
hist_radius250_median_log1p,supplemental_inventory_or_new_transform,True,previous calendar years only,Historic cost summary from chosen cost CSV; no current-year costs.,float64,0.26933526535047997,0.20735194009530292,0.16394148020654045,0.1377721564730328
hist_radius250_n,requested_csv_or_initial_derivation,False,previous calendar years only,,float64,0.0,0.0,0.0,0.0
hist_radius250_tail_rate,requested_csv_or_initial_derivation,True,previous calendar years only,Historic cost summary from chosen cost CSV; no current-year costs.,float64,0.19525448288353559,0.14676650782845474,0.11596385542168675,0.09738910470683892
hist_radius500_max,requested_csv_or_initial_derivation,True,previous calendar years only,Historic cost summary from chosen cost CSV; no current-year costs.,float64,0.19851476181851113,0.14921715452688905,0.11790017211703958,0.09901526786520914
hist_radius500_max_log1p,supplemental_inventory_or_new_transform,True,previous calendar years only,Historic cost summary from chosen cost CSV; no current-year costs.,float64,0.19851476181851113,0.14921715452688905,0.11790017211703958,0.09901526786520914
hist_radius500_mean,requested_csv_or_initial_derivation,True,previous calendar years only,Historic cost summary from chosen cost CSV; no current-year costs.,float64,0.19525448288353559,0.14676650782845474,0.11596385542168675,0.09738910470683892
hist_radius500_mean_log1p,supplemental_inventory_or_new_transform,True,previous calendar years only,Historic cost summary from chosen cost CSV; no current-year costs.,float64,0.19525448288353559,0.14676650782845474,0.11596385542168675,0.09738910470683892
hist_radius500_median,requested_csv_or_initial_derivation,True,previous calendar years only,Historic cost summary from chosen cost CSV; no current-year costs.,float64,0.19851476181851113,0.14921715452688905,0.11790017211703958,0.09901526786520914
hist_radius500_median_log1p,supplemental_inventory_or_new_transform,True,previous calendar years only,Historic cost summary from chosen cost CSV; no current-year costs.,float64,0.19851476181851113,0.14921715452688905,0.11790017211703958,0.09901526786520914
hist_radius500_n,requested_csv_or_initial_derivation,False,previous calendar years only,,float64,0.0,0.0,0.0,0.0
hist_radius500_tail_rate,requested_csv_or_initial_derivation,True,previous calendar years only,Historic cost summary from chosen cost CSV; no current-year costs.,float64,0.19525448288353559,0.14676650782845474,0.11596385542168675,0.09738910470683892
hist_radius50_max,requested_csv_or_initial_derivation,True,previous calendar years only,Historic cost summary from chosen cost CSV; no current-year costs.,float64,0.6098532874479261,0.5799863852961198,0.5210843373493976,0.46978046797362
hist_radius50_max_log1p,supplemental_inventory_or_new_transform,True,previous calendar years only,Historic cost summary from chosen cost CSV; no current-year costs.,float64,0.6098532874479261,0.5799863852961198,0.5210843373493976,0.46978046797362
hist_radius50_mean,requested_csv_or_initial_derivation,True,previous calendar years only,Historic cost summary from chosen cost CSV; no current-year costs.,float64,0.19525448288353559,0.14676650782845474,0.11596385542168675,0.09738910470683892
hist_radius50_mean_log1p,supplemental_inventory_or_new_transform,True,previous calendar years only,Historic cost summary from chosen cost CSV; no current-year costs.,float64,0.19525448288353559,0.14676650782845474,0.11596385542168675,0.09738910470683892
hist_radius50_median,requested_csv_or_initial_derivation,True,previous calendar years only,Historic cost summary from chosen cost CSV; no current-year costs.,float64,0.6098532874479261,0.5799863852961198,0.5210843373493976,0.46978046797362
hist_radius50_median_log1p,supplemental_inventory_or_new_transform,True,previous calendar years only,Historic cost summary from chosen cost CSV; no current-year costs.,float64,0.6098532874479261,0.5799863852961198,0.5210843373493976,0.46978046797362
hist_radius50_n,requested_csv_or_initial_derivation,False,previous calendar years only,,float64,0.0,0.0,0.0,0.0
hist_radius50_tail_rate,requested_csv_or_initial_derivation,True,previous calendar years only,Historic cost summary from chosen cost CSV; no current-year costs.,float64,0.19525448288353559,0.14676650782845474,0.11596385542168675,0.09738910470683892
hist_segment100_all_max,prior_costs_of_nearby_inventory_segments,True,previous calendar years only,Historic cost summary from chosen cost CSV; no current-year costs.,float64,0.4144176779568919,0.37467665078284546,0.31551204819277107,0.2702141114825187
hist_segment100_all_mean,prior_costs_of_nearby_inventory_segments,True,previous calendar years only,Historic cost summary from chosen cost CSV; no current-year costs.,float64,0.19525448288353559,0.14676650782845474,0.11596385542168675,0.09738910470683892
hist_segment100_all_median,prior_costs_of_nearby_inventory_segments,True,previous calendar years only,Historic cost summary from chosen cost CSV; no current-year costs.,float64,0.4144176779568919,0.37467665078284546,0.31551204819277107,0.2702141114825187
hist_segment100_all_n,prior_costs_of_nearby_inventory_segments,False,previous calendar years only,,int64,0.0,0.0,0.0,0.0
hist_segment100_all_std,prior_costs_of_nearby_inventory_segments,True,previous calendar years only,Historic cost summary from chosen cost CSV; no current-year costs.,float64,0.4932077522188009,0.4701157249829816,0.4112521514629948,0.355406992501581
hist_segment100_all_tail_rate,prior_costs_of_nearby_inventory_segments,True,previous calendar years only,Historic cost summary from chosen cost CSV; no current-year costs.,float64,0.19525448288353559,0.14676650782845474,0.11596385542168675,0.09738910470683892
hist_segment250_all_max,prior_costs_of_nearby_inventory_segments,True,previous calendar years only,Historic cost summary from chosen cost CSV; no current-year costs.,float64,0.2606411881905452,0.2002722940776038,0.15824010327022375,0.13298400939560936
hist_segment250_all_mean,prior_costs_of_nearby_inventory_segments,True,previous calendar years only,Historic cost summary from chosen cost CSV; no current-year costs.,float64,0.19525448288353559,0.14676650782845474,0.11596385542168675,0.09738910470683892
hist_segment250_all_median,prior_costs_of_nearby_inventory_segments,True,previous calendar years only,Historic cost summary from chosen cost CSV; no current-year costs.,float64,0.2606411881905452,0.2002722940776038,0.15824010327022375,0.13298400939560936
hist_segment250_all_n,prior_costs_of_nearby_inventory_segments,False,previous calendar years only,,int64,0.0,0.0,0.0,0.0
hist_segment250_all_std,prior_costs_of_nearby_inventory_segments,True,previous calendar years only,Historic cost summary from chosen cost CSV; no current-year costs.,float64,0.29922115558775586,0.2400272294077604,0.1923407917383821,0.16189357665552442
hist_segment250_all_tail_rate,prior_costs_of_nearby_inventory_segments,True,previous calendar years only,Historic cost summary from chosen cost CSV; no current-year costs.,float64,0.19525448288353559,0.14676650782845474,0.11596385542168675,0.09738910470683892
hist_segment25_all_max,prior_costs_of_nearby_inventory_segments,True,previous calendar years only,Historic cost summary from chosen cost CSV; no current-year costs.,float64,0.6527802934251041,0.6292716133424098,0.5829388984509466,0.5436805492817779
hist_segment25_all_mean,prior_costs_of_nearby_inventory_segments,True,previous calendar years only,Historic cost summary from chosen cost CSV; no current-year costs.,float64,0.19525448288353559,0.14676650782845474,0.11596385542168675,0.09738910470683892
hist_segment25_all_median,prior_costs_of_nearby_inventory_segments,True,previous calendar years only,Historic cost summary from chosen cost CSV; no current-year costs.,float64,0.6527802934251041,0.6292716133424098,0.5829388984509466,0.5436805492817779
hist_segment25_all_n,prior_costs_of_nearby_inventory_segments,False,previous calendar years only,,int64,0.0,0.0,0.0,0.0
hist_segment25_all_std,prior_costs_of_nearby_inventory_segments,True,previous calendar years only,Historic cost summary from chosen cost CSV; no current-year costs.,float64,0.7763086397391776,0.7524846834581348,0.7238597246127366,0.6949137230102087
hist_segment25_all_tail_rate,prior_costs_of_nearby_inventory_segments,True,previous calendar years only,Historic cost summary from chosen cost CSV; no current-year costs.,float64,0.19525448288353559,0.14676650782845474,0.11596385542168675,0.09738910470683892
hist_surface_all_max,requested_csv_or_initial_derivation,True,previous calendar years only,Historic cost summary from chosen cost CSV; no current-year costs.,float64,0.19525448288353559,0.14676650782845474,0.11596385542168675,0.09738910470683892
hist_surface_all_max_log1p,supplemental_inventory_or_new_transform,True,previous calendar years only,Historic cost summary from chosen cost CSV; no current-year costs.,float64,0.19525448288353559,0.14676650782845474,0.11596385542168675,0.09738910470683892
hist_surface_all_mean,requested_csv_or_initial_derivation,True,previous calendar years only,Historic cost summary from chosen cost CSV; no current-year costs.,float64,0.19525448288353559,0.14676650782845474,0.11596385542168675,0.09738910470683892
hist_surface_all_mean_log1p,supplemental_inventory_or_new_transform,True,previous calendar years only,Historic cost summary from chosen cost CSV; no current-year costs.,float64,0.19525448288353559,0.14676650782845474,0.11596385542168675,0.09738910470683892
hist_surface_all_median,requested_csv_or_initial_derivation,True,previous calendar years only,Historic cost summary from chosen cost CSV; no current-year costs.,float64,0.19525448288353559,0.14676650782845474,0.11596385542168675,0.09738910470683892
hist_surface_all_median_log1p,supplemental_inventory_or_new_transform,True,previous calendar years only,Historic cost summary from chosen cost CSV; no current-year costs.,float64,0.19525448288353559,0.14676650782845474,0.11596385542168675,0.09738910470683892
hist_surface_all_n,requested_csv_or_initial_derivation,False,previous calendar years only,,float64,0.0,0.0,0.0,0.0
hist_surface_all_std,requested_csv_or_initial_derivation,True,previous calendar years only,Historic cost summary from chosen cost CSV; no current-year costs.,float64,0.19525448288353559,0.14676650782845474,0.11596385542168675,0.09738910470683892
hist_surface_all_std_log1p,supplemental_inventory_or_new_transform,True,previous calendar years only,Historic cost summary from chosen cost CSV; no current-year costs.,float64,0.19525448288353559,0.14676650782845474,0.11596385542168675,0.09738910470683892
hist_surface_all_tail_rate,requested_csv_or_initial_derivation,True,previous calendar years only,Historic cost summary from chosen cost CSV; no current-year costs.,float64,0.19525448288353559,0.14676650782845474,0.11596385542168675,0.09738910470683892
hist_surface_last1_max,requested_csv_or_initial_derivation,True,previous calendar years only,Historic cost summary from chosen cost CSV; no current-year costs.,float64,0.19525448288353559,0.14676650782845474,0.11596385542168675,0.09738910470683892
hist_surface_last1_max_log1p,supplemental_inventory_or_new_transform,True,previous calendar years only,Historic cost summary from chosen cost CSV; no current-year costs.,float64,0.19525448288353559,0.14676650782845474,0.11596385542168675,0.09738910470683892
hist_surface_last1_mean,requested_csv_or_initial_derivation,True,previous calendar years only,Historic cost summary from chosen cost CSV; no current-year costs.,float64,0.19525448288353559,0.14676650782845474,0.11596385542168675,0.09738910470683892
hist_surface_last1_mean_log1p,supplemental_inventory_or_new_transform,True,previous calendar years only,Historic cost summary from chosen cost CSV; no current-year costs.,float64,0.19525448288353559,0.14676650782845474,0.11596385542168675,0.09738910470683892
hist_surface_last1_median,requested_csv_or_initial_derivation,True,previous calendar years only,Historic cost summary from chosen cost CSV; no current-year costs.,float64,0.19525448288353559,0.14676650782845474,0.11596385542168675,0.09738910470683892
hist_surface_last1_median_log1p,supplemental_inventory_or_new_transform,True,previous calendar years only,Historic cost summary from chosen cost CSV; no current-year costs.,float64,0.19525448288353559,0.14676650782845474,0.11596385542168675,0.09738910470683892
hist_surface_last1_n,requested_csv_or_initial_derivation,False,previous calendar years only,,float64,0.0,0.0,0.0,0.0
hist_surface_last1_std,requested_csv_or_initial_derivation,True,previous calendar years only,Historic cost summary from chosen cost CSV; no current-year costs.,float64,0.19525448288353559,0.14676650782845474,0.11596385542168675,0.09738910470683892
hist_surface_last1_std_log1p,supplemental_inventory_or_new_transform,True,previous calendar years only,Historic cost summary from chosen cost CSV; no current-year costs.,float64,0.19525448288353559,0.14676650782845474,0.11596385542168675,0.09738910470683892
hist_surface_last1_tail_rate,requested_csv_or_initial_derivation,True,previous calendar years only,Historic cost summary from chosen cost CSV; no current-year costs.,float64,0.19525448288353559,0.14676650782845474,0.11596385542168675,0.09738910470683892
hist_surface_last2_max,requested_csv_or_initial_derivation,True,previous calendar years only,Historic cost summary from chosen cost CSV; no current-year costs.,float64,0.19525448288353559,0.14676650782845474,0.11596385542168675,0.09738910470683892
hist_surface_last2_max_log1p,supplemental_inventory_or_new_transform,True,previous calendar years only,Historic cost summary from chosen cost CSV; no current-year costs.,float64,0.19525448288353559,0.14676650782845474,0.11596385542168675,0.09738910470683892
hist_surface_last2_mean,requested_csv_or_initial_derivation,True,previous calendar years only,Historic cost summary from chosen cost CSV; no current-year costs.,float64,0.19525448288353559,0.14676650782845474,0.11596385542168675,0.09738910470683892
hist_surface_last2_mean_log1p,supplemental_inventory_or_new_transform,True,previous calendar years only,Historic cost summary from chosen cost CSV; no current-year costs.,float64,0.19525448288353559,0.14676650782845474,0.11596385542168675,0.09738910470683892
hist_surface_last2_median,requested_csv_or_initial_derivation,True,previous calendar years only,Historic cost summary from chosen cost CSV; no current-year costs.,float64,0.19525448288353559,0.14676650782845474,0.11596385542168675,0.09738910470683892
hist_surface_last2_median_log1p,supplemental_inventory_or_new_transform,True,previous calendar years only,Historic cost summary from chosen cost CSV; no current-year costs.,float64,0.19525448288353559,0.14676650782845474,0.11596385542168675,0.09738910470683892
hist_surface_last2_n,requested_csv_or_initial_derivation,False,previous calendar years only,,float64,0.0,0.0,0.0,0.0
hist_surface_last2_std,requested_csv_or_initial_derivation,True,previous calendar years only,Historic cost summary from chosen cost CSV; no current-year costs.,float64,0.19525448288353559,0.14676650782845474,0.11596385542168675,0.09738910470683892
hist_surface_last2_std_log1p,supplemental_inventory_or_new_transform,True,previous calendar years only,Historic cost summary from chosen cost CSV; no current-year costs.,float64,0.19525448288353559,0.14676650782845474,0.11596385542168675,0.09738910470683892
hist_surface_last2_tail_rate,requested_csv_or_initial_derivation,True,previous calendar years only,Historic cost summary from chosen cost CSV; no current-year costs.,float64,0.19525448288353559,0.14676650782845474,0.11596385542168675,0.09738910470683892
hour_cos,requested_csv_or_initial_derivation,False,incident and pipe attributes,,float64,0.0,0.0,0.0,0.0
hour_sin,requested_csv_or_initial_derivation,False,incident and pipe attributes,,float64,0.0,0.0,0.0,0.0
inventory_100m_age_mean,supplemental_inventory_or_new_transform,False,inventory laid by incident date,,float64,0.0,0.0,0.0,0.0
inventory_100m_count,supplemental_inventory_or_new_transform,False,inventory laid by incident date,,int64,0.0,0.0,0.0,0.0
inventory_100m_days_since_repair,supplemental_inventory_or_new_transform,False,previous calendar years only,,float64,0.4144176779568919,0.37467665078284546,0.31551204819277107,0.2702141114825187
inventory_100m_iron_fraction,supplemental_inventory_or_new_transform,False,inventory laid by incident date,,float64,0.0,0.0,0.0,0.0
inventory_100m_length_sum,supplemental_inventory_or_new_transform,False,inventory laid by incident date,Sum of whole endpoint Euclidean lengths of eligible segments within planar proximity radius; not excavated length.,float64,0.0,0.0,0.0,0.0
inventory_100m_parallel_count,supplemental_inventory_or_new_transform,False,inventory laid by incident date,,int64,0.0,0.0,0.0,0.0
inventory_100m_parallel_projected_length,supplemental_inventory_or_new_transform,False,inventory laid by incident date,Projected overlap of nearly parallel segments in meters; proximity is not connectivity.,float64,0.0,0.0,0.0,0.0
inventory_100m_prior_repair_fraction,supplemental_inventory_or_new_transform,False,previous calendar years only,,float64,0.0,0.0,0.0,0.0
inventory_100m_prior_repairs,supplemental_inventory_or_new_transform,False,previous calendar years only,,int64,0.0,0.0,0.0,0.0
inventory_100m_recent_repairs,supplemental_inventory_or_new_transform,False,previous calendar years only,,int64,0.0,0.0,0.0,0.0
inventory_100m_road_count,supplemental_inventory_or_new_transform,False,inventory laid by incident date,,int64,0.0,0.0,0.0,0.0
inventory_100m_same_material_fraction,supplemental_inventory_or_new_transform,False,inventory laid by incident date,,float64,0.0,0.0,0.0,0.0
inventory_100m_structure_count,supplemental_inventory_or_new_transform,False,inventory laid by incident date,,int64,0.0,0.0,0.0,0.0
inventory_100m_surface_diversity,supplemental_inventory_or_new_transform,False,inventory laid by incident date,,int64,0.0,0.0,0.0,0.0
inventory_100m_swamp_count,supplemental_inventory_or_new_transform,False,inventory laid by incident date,,int64,0.0,0.0,0.0,0.0
inventory_100m_water_count,supplemental_inventory_or_new_transform,False,inventory laid by incident date,,int64,0.0,0.0,0.0,0.0
inventory_10m_age_mean,supplemental_inventory_or_new_transform,False,inventory laid by incident date,,float64,0.0,0.0,0.0,0.0
inventory_10m_count,supplemental_inventory_or_new_transform,False,inventory laid by incident date,,int64,0.0,0.0,0.0,0.0
inventory_10m_days_since_repair,supplemental_inventory_or_new_transform,False,previous calendar years only,,float64,0.7529433073718529,0.7283866575901974,0.6971815834767642,0.6722377811907128
inventory_10m_iron_fraction,supplemental_inventory_or_new_transform,False,inventory laid by incident date,,float64,0.0,0.0,0.0,0.0
inventory_10m_length_sum,supplemental_inventory_or_new_transform,False,inventory laid by incident date,Sum of whole endpoint Euclidean lengths of eligible segments within planar proximity radius; not excavated length.,float64,0.0,0.0,0.0,0.0
inventory_10m_parallel_count,supplemental_inventory_or_new_transform,False,inventory laid by incident date,,int64,0.0,0.0,0.0,0.0
inventory_10m_parallel_projected_length,supplemental_inventory_or_new_transform,False,inventory laid by incident date,Projected overlap of nearly parallel segments in meters; proximity is not connectivity.,float64,0.0,0.0,0.0,0.0
inventory_10m_prior_repair_fraction,supplemental_inventory_or_new_transform,False,previous calendar years only,,float64,0.0,0.0,0.0,0.0
inventory_10m_prior_repairs,supplemental_inventory_or_new_transform,False,previous calendar years only,,int64,0.0,0.0,0.0,0.0
inventory_10m_recent_repairs,supplemental_inventory_or_new_transform,False,previous calendar years only,,int64,0.0,0.0,0.0,0.0
inventory_10m_road_count,supplemental_inventory_or_new_transform,False,inventory laid by incident date,,int64,0.0,0.0,0.0,0.0
inventory_10m_same_material_fraction,supplemental_inventory_or_new_transform,False,inventory laid by incident date,,float64,0.0,0.0,0.0,0.0
inventory_10m_structure_count,supplemental_inventory_or_new_transform,False,inventory laid by incident date,,int64,0.0,0.0,0.0,0.0
inventory_10m_surface_diversity,supplemental_inventory_or_new_transform,False,inventory laid by incident date,,int64,0.0,0.0,0.0,0.0
inventory_10m_swamp_count,supplemental_inventory_or_new_transform,False,inventory laid by incident date,,int64,0.0,0.0,0.0,0.0
inventory_10m_water_count,supplemental_inventory_or_new_transform,False,inventory laid by incident date,,int64,0.0,0.0,0.0,0.0
inventory_250m_age_mean,supplemental_inventory_or_new_transform,False,inventory laid by incident date,,float64,0.0,0.0,0.0,0.0
inventory_250m_count,supplemental_inventory_or_new_transform,False,inventory laid by incident date,,int64,0.0,0.0,0.0,0.0
inventory_250m_days_since_repair,supplemental_inventory_or_new_transform,False,previous calendar years only,,float64,0.2606411881905452,0.2002722940776038,0.15824010327022375,0.13298400939560936
inventory_250m_iron_fraction,supplemental_inventory_or_new_transform,False,inventory laid by incident date,,float64,0.0,0.0,0.0,0.0
inventory_250m_length_sum,supplemental_inventory_or_new_transform,False,inventory laid by incident date,Sum of whole endpoint Euclidean lengths of eligible segments within planar proximity radius; not excavated length.,float64,0.0,0.0,0.0,0.0
inventory_250m_parallel_count,supplemental_inventory_or_new_transform,False,inventory laid by incident date,,int64,0.0,0.0,0.0,0.0
inventory_250m_parallel_projected_length,supplemental_inventory_or_new_transform,False,inventory laid by incident date,Projected overlap of nearly parallel segments in meters; proximity is not connectivity.,float64,0.0,0.0,0.0,0.0
inventory_250m_prior_repair_fraction,supplemental_inventory_or_new_transform,False,previous calendar years only,,float64,0.0,0.0,0.0,0.0
inventory_250m_prior_repairs,supplemental_inventory_or_new_transform,False,previous calendar years only,,int64,0.0,0.0,0.0,0.0
inventory_250m_recent_repairs,supplemental_inventory_or_new_transform,False,previous calendar years only,,int64,0.0,0.0,0.0,0.0
inventory_250m_road_count,supplemental_inventory_or_new_transform,False,inventory laid by incident date,,int64,0.0,0.0,0.0,0.0
inventory_250m_same_material_fraction,supplemental_inventory_or_new_transform,False,inventory laid by incident date,,float64,0.0,0.0,0.0,0.0
inventory_250m_structure_count,supplemental_inventory_or_new_transform,False,inventory laid by incident date,,int64,0.0,0.0,0.0,0.0
inventory_250m_surface_diversity,supplemental_inventory_or_new_transform,False,inventory laid by incident date,,int64,0.0,0.0,0.0,0.0
inventory_250m_swamp_count,supplemental_inventory_or_new_transform,False,inventory laid by incident date,,int64,0.0,0.0,0.0,0.0
inventory_250m_water_count,supplemental_inventory_or_new_transform,False,inventory laid by incident date,,int64,0.0,0.0,0.0,0.0
inventory_25m_age_mean,supplemental_inventory_or_new_transform,False,inventory laid by incident date,,float64,0.0,0.0,0.0,0.0
inventory_25m_count,supplemental_inventory_or_new_transform,False,inventory laid by incident date,,int64,0.0,0.0,0.0,0.0
inventory_25m_days_since_repair,supplemental_inventory_or_new_transform,False,previous calendar years only,,float64,0.6527802934251041,0.6292716133424098,0.5829388984509466,0.5436805492817779
inventory_25m_iron_fraction,supplemental_inventory_or_new_transform,False,inventory laid by incident date,,float64,0.0,0.0,0.0,0.0
inventory_25m_length_sum,supplemental_inventory_or_new_transform,False,inventory laid by incident date,Sum of whole endpoint Euclidean lengths of eligible segments within planar proximity radius; not excavated length.,float64,0.0,0.0,0.0,0.0
inventory_25m_parallel_count,supplemental_inventory_or_new_transform,False,inventory laid by incident date,,int64,0.0,0.0,0.0,0.0
inventory_25m_parallel_projected_length,supplemental_inventory_or_new_transform,False,inventory laid by incident date,Projected overlap of nearly parallel segments in meters; proximity is not connectivity.,float64,0.0,0.0,0.0,0.0
inventory_25m_prior_repair_fraction,supplemental_inventory_or_new_transform,False,previous calendar years only,,float64,0.0,0.0,0.0,0.0
inventory_25m_prior_repairs,supplemental_inventory_or_new_transform,False,previous calendar years only,,int64,0.0,0.0,0.0,0.0
inventory_25m_recent_repairs,supplemental_inventory_or_new_transform,False,previous calendar years only,,int64,0.0,0.0,0.0,0.0
inventory_25m_road_count,supplemental_inventory_or_new_transform,False,inventory laid by incident date,,int64,0.0,0.0,0.0,0.0
inventory_25m_same_material_fraction,supplemental_inventory_or_new_transform,False,inventory laid by incident date,,float64,0.0,0.0,0.0,0.0
inventory_25m_structure_count,supplemental_inventory_or_new_transform,False,inventory laid by incident date,,int64,0.0,0.0,0.0,0.0
inventory_25m_surface_diversity,supplemental_inventory_or_new_transform,False,inventory laid by incident date,,int64,0.0,0.0,0.0,0.0
inventory_25m_swamp_count,supplemental_inventory_or_new_transform,False,inventory laid by incident date,,int64,0.0,0.0,0.0,0.0
inventory_25m_water_count,supplemental_inventory_or_new_transform,False,inventory laid by incident date,,int64,0.0,0.0,0.0,0.0
inventory_50m_age_mean,supplemental_inventory_or_new_transform,False,inventory laid by incident date,,float64,0.0,0.0,0.0,0.0
inventory_50m_count,supplemental_inventory_or_new_transform,False,inventory laid by incident date,,int64,0.0,0.0,0.0,0.0
inventory_50m_days_since_repair,supplemental_inventory_or_new_transform,False,previous calendar years only,,float64,0.5448288353559138,0.5187202178352621,0.4610585197934596,0.4076248983648026
inventory_50m_iron_fraction,supplemental_inventory_or_new_transform,False,inventory laid by incident date,,float64,0.0,0.0,0.0,0.0
inventory_50m_length_sum,supplemental_inventory_or_new_transform,False,inventory laid by incident date,Sum of whole endpoint Euclidean lengths of eligible segments within planar proximity radius; not excavated length.,float64,0.0,0.0,0.0,0.0
inventory_50m_parallel_count,supplemental_inventory_or_new_transform,False,inventory laid by incident date,,int64,0.0,0.0,0.0,0.0
inventory_50m_parallel_projected_length,supplemental_inventory_or_new_transform,False,inventory laid by incident date,Projected overlap of nearly parallel segments in meters; proximity is not connectivity.,float64,0.0,0.0,0.0,0.0
inventory_50m_prior_repair_fraction,supplemental_inventory_or_new_transform,False,previous calendar years only,,float64,0.0,0.0,0.0,0.0
inventory_50m_prior_repairs,supplemental_inventory_or_new_transform,False,previous calendar years only,,int64,0.0,0.0,0.0,0.0
inventory_50m_recent_repairs,supplemental_inventory_or_new_transform,False,previous calendar years only,,int64,0.0,0.0,0.0,0.0
inventory_50m_road_count,supplemental_inventory_or_new_transform,False,inventory laid by incident date,,int64,0.0,0.0,0.0,0.0
inventory_50m_same_material_fraction,supplemental_inventory_or_new_transform,False,inventory laid by incident date,,float64,0.0,0.0,0.0,0.0
inventory_50m_structure_count,supplemental_inventory_or_new_transform,False,inventory laid by incident date,,int64,0.0,0.0,0.0,0.0
inventory_50m_surface_diversity,supplemental_inventory_or_new_transform,False,inventory laid by incident date,,int64,0.0,0.0,0.0,0.0
inventory_50m_swamp_count,supplemental_inventory_or_new_transform,False,inventory laid by incident date,,int64,0.0,0.0,0.0,0.0
inventory_50m_water_count,supplemental_inventory_or_new_transform,False,inventory laid by incident date,,int64,0.0,0.0,0.0,0.0
inventory_5m_age_mean,supplemental_inventory_or_new_transform,False,inventory laid by incident date,,float64,0.0,0.0,0.0,0.0
inventory_5m_count,supplemental_inventory_or_new_transform,False,inventory laid by incident date,,int64,0.0,0.0,0.0,0.0
inventory_5m_days_since_repair,supplemental_inventory_or_new_transform,False,previous calendar years only,,float64,0.7946024270965405,0.7715452688904016,0.7505378657487092,0.729695546119794
inventory_5m_iron_fraction,supplemental_inventory_or_new_transform,False,inventory laid by incident date,,float64,0.0,0.0,0.0,0.0
inventory_5m_length_sum,supplemental_inventory_or_new_transform,False,inventory laid by incident date,Sum of whole endpoint Euclidean lengths of eligible segments within planar proximity radius; not excavated length.,float64,0.0,0.0,0.0,0.0
inventory_5m_parallel_count,supplemental_inventory_or_new_transform,False,inventory laid by incident date,,int64,0.0,0.0,0.0,0.0
inventory_5m_parallel_projected_length,supplemental_inventory_or_new_transform,False,inventory laid by incident date,Projected overlap of nearly parallel segments in meters; proximity is not connectivity.,float64,0.0,0.0,0.0,0.0
inventory_5m_prior_repair_fraction,supplemental_inventory_or_new_transform,False,previous calendar years only,,float64,0.0,0.0,0.0,0.0
inventory_5m_prior_repairs,supplemental_inventory_or_new_transform,False,previous calendar years only,,int64,0.0,0.0,0.0,0.0
inventory_5m_recent_repairs,supplemental_inventory_or_new_transform,False,previous calendar years only,,int64,0.0,0.0,0.0,0.0
inventory_5m_road_count,supplemental_inventory_or_new_transform,False,inventory laid by incident date,,int64,0.0,0.0,0.0,0.0
inventory_5m_same_material_fraction,supplemental_inventory_or_new_transform,False,inventory laid by incident date,,float64,0.0,0.0,0.0,0.0
inventory_5m_structure_count,supplemental_inventory_or_new_transform,False,inventory laid by incident date,,int64,0.0,0.0,0.0,0.0
inventory_5m_surface_diversity,supplemental_inventory_or_new_transform,False,inventory laid by incident date,,int64,0.0,0.0,0.0,0.0
inventory_5m_swamp_count,supplemental_inventory_or_new_transform,False,inventory laid by incident date,,int64,0.0,0.0,0.0,0.0
inventory_5m_water_count,supplemental_inventory_or_new_transform,False,inventory laid by incident date,,int64,0.0,0.0,0.0,0.0
inventory_collinear_overlap_count,supplemental_inventory_or_new_transform,False,inventory laid by incident date,,int64,0.0,0.0,0.0,0.0
inventory_distance_to_road,supplemental_inventory_or_new_transform,False,inventory laid by incident date,Shortest planar segment distance in meters; no physical connection inferred.,float64,0.0,0.0,0.0,0.0
inventory_distance_to_structure,supplemental_inventory_or_new_transform,False,inventory laid by incident date,Shortest planar segment distance in meters; no physical connection inferred.,float64,0.0,0.0,0.0,0.0
inventory_distance_to_water,supplemental_inventory_or_new_transform,False,inventory laid by incident date,Shortest planar segment distance in meters; no physical connection inferred.,float64,0.0,0.0,0.0,0.0
inventory_intersection_count,supplemental_inventory_or_new_transform,False,inventory laid by incident date,,int64,0.0,0.0,0.0,0.0
inventory_mean5_midpoint_distance,supplemental_inventory_or_new_transform,False,inventory laid by incident date,,float64,0.0,0.0,0.0,0.0
inventory_nearest_midpoint_distance,supplemental_inventory_or_new_transform,False,inventory laid by incident date,,float64,0.0,0.0,0.0,0.0
inventory_proper_crossing_count,supplemental_inventory_or_new_transform,False,inventory laid by incident date,,int64,0.0,0.0,0.0,0.0
inventory_shared_endpoint_count,supplemental_inventory_or_new_transform,False,inventory laid by incident date,,int64,0.0,0.0,0.0,0.0
lay_month,requested_csv_or_initial_derivation,False,incident and pipe attributes,,int64,0.0,0.0,0.0,0.0
lay_year,requested_csv_or_initial_derivation,False,incident and pipe attributes,,int64,0.0,0.0,0.0,0.0
length_age,requested_csv_or_initial_derivation,False,incident and pipe attributes,,float64,0.0,0.0,0.0,0.0
length_x_structure_exposure,supplemental_inventory_or_new_transform,False,incident and pipe attributes,,float64,0.0,0.0,0.0,0.0
log1p_pipe_length,requested_csv_or_initial_derivation,False,incident and pipe attributes,,float64,0.0,0.0,0.0,0.0
log1p_years_used,requested_csv_or_initial_derivation,False,incident and pipe attributes,,float64,0.0,0.0,0.0,0.0
log_age,requested_csv_or_initial_derivation,False,incident and pipe attributes,,float64,0.0,0.0,0.0,0.0
log_length,requested_csv_or_initial_derivation,False,incident and pipe attributes,,float64,0.0,0.0,0.0,0.0
material,requested_csv_or_initial_derivation,False,incident and pipe attributes,,str,0.0,0.0,0.0,0.0
material_brass,requested_csv_or_initial_derivation,False,incident and pipe attributes,,int64,0.0,0.0,0.0,0.0
material_cast_iron,requested_csv_or_initial_derivation,False,incident and pipe attributes,,int64,0.0,0.0,0.0,0.0
material_code,requested_csv_or_initial_derivation,False,incident and pipe attributes,,int64,0.0,0.0,0.0,0.0
material_copper,requested_csv_or_initial_derivation,False,incident and pipe attributes,,int64,0.0,0.0,0.0,0.0
material_gray_iron,requested_csv_or_initial_derivation,False,incident and pipe attributes,,int64,0.0,0.0,0.0,0.0
material_surface,requested_csv_or_initial_derivation,False,incident and pipe attributes,,str,0.0,0.0,0.0,0.0
material_wrought_iron,requested_csv_or_initial_derivation,False,incident and pipe attributes,,int64,0.0,0.0,0.0,0.0
midpoint_x,requested_csv_or_initial_derivation,False,incident and pipe attributes,,float64,0.0,0.0,0.0,0.0
midpoint_x_squared,supplemental_inventory_or_new_transform,False,incident and pipe attributes,,float64,0.0,0.0,0.0,0.0
midpoint_y,requested_csv_or_initial_derivation,False,incident and pipe attributes,,float64,0.0,0.0,0.0,0.0
midpoint_y_squared,supplemental_inventory_or_new_transform,False,incident and pipe attributes,,float64,0.0,0.0,0.0,0.0
month_cos,requested_csv_or_initial_derivation,False,incident and pipe attributes,,float64,0.0,0.0,0.0,0.0
month_sin,requested_csv_or_initial_derivation,False,incident and pipe attributes,,float64,0.0,0.0,0.0,0.0
orientation_cos2,requested_csv_or_initial_derivation,False,incident and pipe attributes,,float64,0.0,0.0,0.0,0.0
orientation_sin2,requested_csv_or_initial_derivation,False,incident and pipe attributes,,float64,0.0,0.0,0.0,0.0
pipe_length,requested_csv_or_initial_derivation,False,incident and pipe attributes,,float64,0.0,0.0,0.0,0.0
pipe_length_squared,supplemental_inventory_or_new_transform,False,incident and pipe attributes,,float64,0.0,0.0,0.0,0.0
road_x_structure_exposure,supplemental_inventory_or_new_transform,False,incident and pipe attributes,,float64,0.0,0.0,0.0,0.0
season_cos,requested_csv_or_initial_derivation,False,incident and pipe attributes,,float64,0.0,0.0,0.0,0.0
season_sin,requested_csv_or_initial_derivation,False,incident and pipe attributes,,float64,0.0,0.0,0.0,0.0
span_x,requested_csv_or_initial_derivation,False,incident and pipe attributes,,float64,0.0,0.0,0.0,0.0
span_y,requested_csv_or_initial_derivation,False,incident and pipe attributes,,float64,0.0,0.0,0.0,0.0
surface,requested_csv_or_initial_derivation,False,incident and pipe attributes,,str,0.0,0.0,0.0,0.0
surface_code,requested_csv_or_initial_derivation,False,incident and pipe attributes,,int64,0.0,0.0,0.0,0.0
surface_farmland,requested_csv_or_initial_derivation,False,incident and pipe attributes,,int64,0.0,0.0,0.0,0.0
surface_grassland,requested_csv_or_initial_derivation,False,incident and pipe attributes,,int64,0.0,0.0,0.0,0.0
surface_road,requested_csv_or_initial_derivation,False,incident and pipe attributes,,int64,0.0,0.0,0.0,0.0
surface_structure,requested_csv_or_initial_derivation,False,incident and pipe attributes,,int64,0.0,0.0,0.0,0.0
surface_swamp,requested_csv_or_initial_derivation,False,incident and pipe attributes,,int64,0.0,0.0,0.0,0.0
surface_water,requested_csv_or_initial_derivation,False,incident and pipe attributes,,int64,0.0,0.0,0.0,0.0
weekday_cos,requested_csv_or_initial_derivation,False,incident and pipe attributes,,float64,0.0,0.0,0.0,0.0
weekday_sin,requested_csv_or_initial_derivation,False,incident and pipe attributes,,float64,0.0,0.0,0.0,0.0
x1,requested_csv_or_initial_derivation,False,incident and pipe attributes,,float64,0.0,0.0,0.0,0.0
x2,requested_csv_or_initial_derivation,False,incident and pipe attributes,,float64,0.0,0.0,0.0,0.0
y1,requested_csv_or_initial_derivation,False,incident and pipe attributes,,float64,0.0,0.0,0.0,0.0
y2,requested_csv_or_initial_derivation,False,incident and pipe attributes,,float64,0.0,0.0,0.0,0.0
years_used,requested_csv_or_initial_derivation,False,incident and pipe attributes,,float64,0.0,0.0,0.0,0.0
years_used_at_leak,requested_csv_or_initial_derivation,False,incident and pipe attributes,,float64,0.0,0.0,0.0,0.0
years_used_squared,supplemental_inventory_or_new_transform,False,incident and pipe attributes,,float64,0.0,0.0,0.0,0.0
