model,fold,train_start,train_end,test_year,n_train,n_test,MAE,RMSE,train_MAE,train_RMSE,features,iterations,inner_RMSE,actual_trees
xgboost,1,2019,2022,2023,5521,1824,36022.351672020624,163663.82547707047,34537.68444388471,168196.0539186557,147,5,228164.92036958036,5
xgboost,2,2019,2023,2024,7345,1951,27719.821562459954,104873.688329151,34122.65518948902,151500.62790952888,35,29,159419.8807265972,29
xgboost,3,2019,2024,2025,9296,1773,28803.115018616925,120522.831086912,27667.29996522152,143171.3066901071,36,31,121440.47634932486,31
xgboost,4,2019,2025,2026,11069,3038,26967.45319112852,132789.79338223508,28312.27368071162,141946.52610122637,37,19,102999.21836683832,19
catboost,1,2019,2022,2023,5521,1824,35284.01634056568,159966.02416199294,34291.65959336804,172261.52841182848,10,107,227146.14575973127,107
catboost,2,2019,2023,2024,7345,1951,22154.63770599402,100359.90073689457,33251.90570209509,165284.37787685756,15,11,160252.82526750208,11
catboost,3,2019,2024,2025,9296,1773,34884.37983382904,131720.14004780955,27234.457360810855,134828.03128021397,205,105,123346.63500026896,105
catboost,4,2019,2025,2026,11069,3038,26892.361683811956,130196.9613989558,26724.61757259886,132826.38914072592,31,43,102950.87600178299,43
lightgbm,1,2019,2022,2023,5521,1824,33623.77605719795,160902.8098892672,35192.005419933936,171329.80857129992,30,5,226593.02694429742,5
lightgbm,2,2019,2023,2024,7345,1951,19819.780060548434,100661.4662493477,32781.39736133956,167163.00264477902,32,6,162772.30570809648,6
lightgbm,3,2019,2024,2025,9296,1773,35306.78989382409,129597.40913635145,27379.143127583353,141565.1409463863,25,55,124011.21095387891,55
lightgbm,4,2019,2025,2026,11069,3038,23932.5492161162,131905.69429059888,24274.34616498619,134270.33987474503,107,28,101491.09178333641,28
