model,test_year,stage,state,trials
xgboost,2023,expanded_actual_common_rounds,COMPLETE,60
xgboost,2023,expanded_actual_common_rounds_remaining_spatial,COMPLETE,60
xgboost,2023,individual_features,COMPLETE,40
xgboost,2023,joint,COMPLETE,80
xgboost,2023,polish,COMPLETE,100
xgboost,2024,expanded_actual_common_rounds,COMPLETE,60
xgboost,2024,expanded_actual_common_rounds_remaining_spatial,COMPLETE,60
xgboost,2024,individual_features,COMPLETE,40
xgboost,2024,joint,COMPLETE,80
xgboost,2024,polish,COMPLETE,100
xgboost,2025,expanded_actual_common_rounds,COMPLETE,60
xgboost,2025,expanded_actual_common_rounds_remaining_spatial,COMPLETE,60
xgboost,2025,individual_features,COMPLETE,40
xgboost,2025,joint,COMPLETE,80
xgboost,2025,polish,COMPLETE,100
xgboost,2026,expanded_actual_common_rounds,COMPLETE,60
xgboost,2026,expanded_actual_common_rounds_remaining_spatial,COMPLETE,60
xgboost,2026,individual_features,COMPLETE,40
xgboost,2026,joint,COMPLETE,80
xgboost,2026,polish,COMPLETE,100
catboost,2023,expanded_actual_common_rounds,COMPLETE,60
catboost,2023,expanded_actual_common_rounds_remaining_spatial,COMPLETE,60
catboost,2023,individual_features,COMPLETE,40
catboost,2023,joint,COMPLETE,80
catboost,2023,joint,FAIL,2
catboost,2023,polish,COMPLETE,100
catboost,2023,pre_feature_actual_common_rounds,COMPLETE,60
catboost,2024,expanded_actual_common_rounds,COMPLETE,60
catboost,2024,expanded_actual_common_rounds_remaining_spatial,COMPLETE,60
catboost,2024,individual_features,COMPLETE,40
catboost,2024,joint,COMPLETE,80
catboost,2024,polish,COMPLETE,100
catboost,2025,expanded_actual_common_rounds,COMPLETE,60
catboost,2025,expanded_actual_common_rounds_remaining_spatial,COMPLETE,60
catboost,2025,individual_features,COMPLETE,40
catboost,2025,joint,COMPLETE,80
catboost,2025,polish,COMPLETE,100
catboost,2025,pre_feature_actual_common_rounds,COMPLETE,60
catboost,2026,expanded_actual_common_rounds,COMPLETE,60
catboost,2026,expanded_actual_common_rounds_remaining_spatial,COMPLETE,60
catboost,2026,individual_features,COMPLETE,40
catboost,2026,joint,COMPLETE,80
catboost,2026,polish,COMPLETE,100
lightgbm,2023,expanded_actual_common_rounds,COMPLETE,60
lightgbm,2023,expanded_actual_common_rounds_remaining_spatial,COMPLETE,60
lightgbm,2023,individual_features,COMPLETE,40
lightgbm,2023,joint,COMPLETE,80
lightgbm,2023,polish,COMPLETE,100
lightgbm,2024,expanded_actual_common_rounds,COMPLETE,60
lightgbm,2024,expanded_actual_common_rounds_remaining_spatial,COMPLETE,60
lightgbm,2024,individual_features,COMPLETE,40
lightgbm,2024,joint,COMPLETE,80
lightgbm,2024,polish,COMPLETE,100
lightgbm,2025,expanded_actual_common_rounds,COMPLETE,60
lightgbm,2025,expanded_actual_common_rounds_remaining_spatial,COMPLETE,60
lightgbm,2025,individual_features,COMPLETE,40
lightgbm,2025,joint,COMPLETE,80
lightgbm,2025,polish,COMPLETE,100
lightgbm,2026,expanded_actual_common_rounds,COMPLETE,60
lightgbm,2026,expanded_actual_common_rounds_remaining_spatial,COMPLETE,60
lightgbm,2026,individual_features,COMPLETE,40
lightgbm,2026,joint,COMPLETE,80
lightgbm,2026,polish,COMPLETE,100
