model,test_year,features,parameters,trees
xgboost,2023,"[""event_decimal_year"", ""event_hour"", ""event_month"", ""event_weekday"", ""event_weekend"", ""event_year"", ""hist_age_band_all_max"", ""hist_age_band_last1_max"", ""hist_age_band_last1_mean"", ""hist_age_band_last1_median"", ""hist_age_band_last1_n"", ""hist_age_band_last1_std"", ""hist_age_band_last1_tail_rate"", ""hist_age_band_last2_max"", ""hist_age_band_last2_mean"", ""hist_age_band_last2_median"", ""hist_age_band_last2_n"", ""hist_age_band_last2_tail_rate"", ""hist_grid1000_last1_max"", ""hist_grid1000_last1_mean"", ""hist_grid1000_last1_median"", ""hist_grid1000_last1_n"", ""hist_grid1000_last1_std"", ""hist_grid1000_last1_tail_rate"", ""hist_grid1000_last2_max"", ""hist_grid1000_last2_mean"", ""hist_grid1000_last2_median"", ""hist_grid1000_last2_n"", ""hist_grid1000_last2_std"", ""hist_grid1000_last2_tail_rate"", ""hist_grid250_last1_max_log1p"", ""hist_grid250_last1_mean"", ""hist_grid250_last1_median"", ""hist_grid250_last1_n"", ""hist_grid250_last1_std"", ""hist_grid250_last1_tail_rate"", ""hist_grid250_last2_max"", ""hist_grid250_last2_max_log1p"", ""hist_grid250_last2_mean"", ""hist_grid250_last2_median"", ""hist_grid250_last2_n"", ""hist_grid250_last2_tail_rate"", ""hist_grid500_last1_max"", ""hist_grid500_last1_mean"", ""hist_grid500_last1_median"", ""hist_grid500_last1_n"", ""hist_grid500_last1_std"", ""hist_grid500_last1_tail_rate"", ""hist_grid500_last2_max"", ""hist_grid500_last2_mean"", ""hist_grid500_last2_median"", ""hist_grid500_last2_n"", ""hist_grid500_last2_std"", ""hist_grid500_last2_tail_rate"", ""hist_length_band_last1_max"", ""hist_length_band_last1_mean"", ""hist_length_band_last1_median"", ""hist_length_band_last1_n"", ""hist_length_band_last1_std"", ""hist_length_band_last1_tail_rate"", ""hist_length_band_last2_max"", ""hist_length_band_last2_mean"", ""hist_length_band_last2_median"", ""hist_length_band_last2_n"", ""hist_length_band_last2_std"", ""hist_length_band_last2_tail_rate"", ""hist_material_last1_max"", ""hist_material_last1_mean"", ""hist_material_last1_median"", ""hist_material_last1_n"", ""hist_material_last1_std"", ""hist_material_last1_tail_rate"", ""hist_material_last2_max"", ""hist_material_last2_mean"", ""hist_material_last2_median"", ""hist_material_last2_n"", ""hist_material_last2_std"", ""hist_material_last2_tail_rate"", ""hist_material_surface_all_mean"", ""hist_material_surface_last1_max"", ""hist_material_surface_last1_mean"", ""hist_material_surface_last1_median"", ""hist_material_surface_last1_n"", ""hist_material_surface_last1_std"", ""hist_material_surface_last1_tail_rate"", ""hist_material_surface_last2_max"", ""hist_material_surface_last2_median"", ""hist_material_surface_last2_n"", ""hist_material_surface_last2_std"", ""hist_material_surface_last2_tail_rate"", ""hist_surface_last1_max"", ""hist_surface_last1_mean"", ""hist_surface_last1_median"", ""hist_surface_last1_n"", ""hist_surface_last1_std"", ""hist_surface_last1_tail_rate"", ""hist_surface_last2_max"", ""hist_surface_last2_mean"", ""hist_surface_last2_median"", ""hist_surface_last2_n"", ""hist_surface_last2_std"", ""hist_surface_last2_tail_rate"", ""hour_cos"", ""hour_sin"", ""inventory_50m_road_count"", ""lay_month"", ""lay_year"", ""length_age"", ""log1p_pipe_length"", ""log_age"", ""log_length"", ""material"", ""material_brass"", ""material_cast_iron"", ""material_code"", ""material_copper"", ""material_gray_iron"", ""material_surface"", ""material_wrought_iron"", ""midpoint_x"", ""midpoint_y"", ""month_cos"", ""month_sin"", ""orientation_cos2"", ""orientation_sin2"", ""pipe_length"", ""season_cos"", ""season_sin"", ""span_x"", ""span_y"", ""surface"", ""surface_code"", ""surface_farmland"", ""surface_grassland"", ""surface_road"", ""surface_structure"", ""surface_swamp"", ""surface_water"", ""weekday_cos"", ""weekday_sin"", ""x1"", ""x2"", ""y1"", ""y2"", ""years_used"", ""years_used_at_leak"", ""years_used_squared""]","{""colsample_bytree"": 0.6879771575181293, ""gamma"": 331.48938572459264, ""learning_rate"": 0.13905014990269526, ""max_bin"": 256, ""max_depth"": 6, ""min_child_weight"": 34.98462044400472, ""reg_alpha"": 0.05582770810800726, ""reg_lambda"": 0.022033633109930038, ""subsample"": 0.6264151106000365}",5
xgboost,2024,"[""age_x_wet_proximity"", ""event_decimal_year"", ""hist_age_band_all_mean"", ""hist_age_band_all_std"", ""hist_grid1000_all_max"", ""hist_grid1000_last1_std"", ""hist_grid250_all_mean"", ""hist_grid250_all_median"", ""hist_grid250_last2_median"", ""hist_material_surface_all_max"", ""hist_material_surface_all_median"", ""hist_material_surface_all_n"", ""hist_material_surface_last1_mean"", ""hist_material_surface_last1_median"", ""hist_material_surface_last1_n"", ""hist_nearest25_mean"", ""hist_nearest5_mean"", ""hist_radius100_max"", ""hist_radius250_mean"", ""hist_radius250_tail_rate"", ""hist_radius500_median"", ""hist_radius500_n"", ""hist_radius50_max"", ""hist_radius50_mean"", ""hist_surface_all_mean"", ""hist_surface_all_std"", ""hist_surface_all_tail_rate"", ""inventory_100m_road_count"", ""inventory_10m_road_count"", ""log1p_years_used"", ""midpoint_y"", ""orientation_cos2"", ""surface"", ""surface_road"", ""x1""]","{""colsample_bytree"": 0.9783371999781912, ""gamma"": 73.59419681731733, ""learning_rate"": 0.012647139215234684, ""max_bin"": 64, ""max_depth"": 7, ""min_child_weight"": 1.6319104134943172, ""reg_alpha"": 0.0037604097745400585, ""reg_lambda"": 0.0033111601738007807, ""subsample"": 0.8251104371470617}",29
xgboost,2025,"[""hist_grid1000_all_max"", ""hist_grid1000_all_n"", ""hist_grid1000_all_tail_rate"", ""hist_grid250_all_max"", ""hist_grid250_all_median"", ""hist_grid250_all_n"", ""hist_grid250_all_tail_rate"", ""hist_grid250_last2_std"", ""hist_grid500_all_mean"", ""hist_grid500_all_std"", ""hist_grid500_last1_median"", ""hist_grid500_last1_std"", ""hist_grid500_last2_n"", ""hist_length_band_all_max"", ""hist_length_band_all_std"", ""hist_material_surface_all_median"", ""hist_material_surface_all_std"", ""hist_material_surface_all_tail_rate"", ""hist_nearest10_median"", ""hist_nearest25_max"", ""hist_nearest25_median"", ""hist_nearest5_max"", ""hist_radius100_max"", ""hist_radius250_max"", ""hist_radius250_median"", ""hist_radius250_n"", ""hist_radius250_tail_rate"", ""hist_radius500_median"", ""hist_radius500_n"", ""hist_surface_all_mean"", ""hist_surface_all_median"", ""hist_surface_all_tail_rate"", ""hour_sin"", ""inventory_250m_count"", ""inventory_5m_length_sum"", ""season_cos""]","{""colsample_bytree"": 0.9026079909263425, ""gamma"": 0.018350106046247292, ""learning_rate"": 0.08409193184055333, ""max_bin"": 256, ""max_depth"": 3, ""min_child_weight"": 15.526510189285549, ""reg_alpha"": 18.210142788209243, ""reg_lambda"": 0.14655058813806465, ""subsample"": 0.8357745931507727}",31
xgboost,2026,"[""event_decimal_year"", ""event_month"", ""hist_age_band_last1_std"", ""hist_age_band_last2_mean"", ""hist_grid1000_last1_std"", ""hist_grid250_all_max"", ""hist_grid250_last1_std"", ""hist_grid250_last2_n"", ""hist_grid500_last1_max"", ""hist_grid500_last1_tail_rate"", ""hist_grid500_last2_std"", ""hist_length_band_all_max"", ""hist_length_band_all_mean"", ""hist_length_band_last1_mean"", ""hist_length_band_last1_median"", ""hist_length_band_last2_n"", ""hist_material_last1_median"", ""hist_material_surface_all_median"", ""hist_material_surface_all_std"", ""hist_material_surface_all_tail_rate"", ""hist_material_surface_last1_median"", ""hist_material_surface_last2_max"", ""hist_nearest10_max"", ""hist_radius250_median"", ""hist_radius250_n"", ""hist_radius250_tail_rate"", ""hist_radius500_max"", ""hist_radius500_median"", ""hist_radius50_max"", ""hist_surface_last1_max"", ""hist_surface_last1_median"", ""month_cos"", ""orientation_cos2"", ""season_sin"", ""surface"", ""x1"", ""x2""]","{""colsample_bytree"": 0.5865653353486538, ""gamma"": 0.48726716844443607, ""learning_rate"": 0.0545530453904611, ""max_bin"": 256, ""max_depth"": 3, ""min_child_weight"": 1.0133149800238779, ""reg_alpha"": 4.154093515050563, ""reg_lambda"": 2.449123018250732, ""subsample"": 0.960673751576149}",19
catboost,2023,"[""hist_grid250_all_median"", ""hist_material_surface_last2_median"", ""hist_surface_all_mean"", ""hist_surface_all_median_log1p"", ""hist_surface_all_tail_rate"", ""material"", ""material_surface"", ""surface"", ""surface_road"", ""y2""]","{""bootstrap_type"": ""Bernoulli"", ""border_count"": 64, ""depth"": 3, ""l2_leaf_reg"": 7.115991090600124, ""learning_rate"": 0.01951409473634728, ""random_strength"": 18.658496689170093, ""rsm"": 0.9808188438425882, ""subsample"": 0.6128979677188174}",107
catboost,2024,"[""hist_grid250_all_median"", ""hist_grid500_all_mean"", ""hist_material_all_mean"", ""hist_material_surface_all_mean"", ""hist_material_surface_all_median"", ""hist_material_surface_all_std"", ""hist_radius250_tail_rate"", ""hist_radius500_median"", ""hist_surface_all_median"", ""hist_surface_all_n"", ""hist_surface_all_std"", ""hist_surface_all_tail_rate"", ""hist_surface_last2_mean"", ""surface_road"", ""surface_structure""]","{""bootstrap_type"": ""Bernoulli"", ""border_count"": 64, ""depth"": 3, ""l2_leaf_reg"": 0.8820734944000431, ""learning_rate"": 0.1086561515060856, ""one_hot_max_size"": 2, ""random_strength"": 0.2883723562711601, ""rsm"": 0.6340304014592798, ""subsample"": 0.9029163001449033}",11
catboost,2025,"[""hist_age_band_all_max"", ""hist_age_band_all_mean"", ""hist_age_band_all_median"", ""hist_age_band_all_n"", ""hist_age_band_all_std"", ""hist_age_band_all_tail_rate"", ""hist_age_band_last1_max"", ""hist_age_band_last1_mean"", ""hist_age_band_last1_median"", ""hist_age_band_last1_n"", ""hist_age_band_last1_std"", ""hist_age_band_last1_tail_rate"", ""hist_age_band_last2_max"", ""hist_age_band_last2_mean"", ""hist_age_band_last2_median"", ""hist_age_band_last2_n"", ""hist_age_band_last2_std"", ""hist_age_band_last2_tail_rate"", ""hist_grid1000_all_max"", ""hist_grid1000_all_mean"", ""hist_grid1000_all_median"", ""hist_grid1000_all_n"", ""hist_grid1000_all_std"", ""hist_grid1000_all_tail_rate"", ""hist_grid1000_last1_max"", ""hist_grid1000_last1_mean"", ""hist_grid1000_last1_median"", ""hist_grid1000_last1_n"", ""hist_grid1000_last1_std"", ""hist_grid1000_last1_tail_rate"", ""hist_grid1000_last2_max"", ""hist_grid1000_last2_mean"", ""hist_grid1000_last2_median"", ""hist_grid1000_last2_n"", ""hist_grid1000_last2_std"", ""hist_grid1000_last2_tail_rate"", ""hist_grid250_all_max"", ""hist_grid250_all_mean"", ""hist_grid250_all_median"", ""hist_grid250_all_n"", ""hist_grid250_all_std"", ""hist_grid250_all_tail_rate"", ""hist_grid250_last1_max"", ""hist_grid250_last1_mean"", ""hist_grid250_last1_median"", ""hist_grid250_last1_n"", ""hist_grid250_last1_std"", ""hist_grid250_last1_tail_rate"", ""hist_grid250_last2_max"", ""hist_grid250_last2_mean"", ""hist_grid250_last2_median"", ""hist_grid250_last2_n"", ""hist_grid250_last2_std"", ""hist_grid250_last2_tail_rate"", ""hist_grid500_all_max"", ""hist_grid500_all_mean"", ""hist_grid500_all_median"", ""hist_grid500_all_n"", ""hist_grid500_all_std"", ""hist_grid500_all_tail_rate"", ""hist_grid500_last1_mean"", ""hist_grid500_last1_median"", ""hist_grid500_last1_n"", ""hist_grid500_last1_std"", ""hist_grid500_last1_std_log1p"", ""hist_grid500_last1_tail_rate"", ""hist_grid500_last2_max"", ""hist_grid500_last2_mean"", ""hist_grid500_last2_median"", ""hist_grid500_last2_n"", ""hist_grid500_last2_std"", ""hist_grid500_last2_tail_rate"", ""hist_length_band_all_max"", ""hist_length_band_all_mean"", ""hist_length_band_all_median"", ""hist_length_band_all_n"", ""hist_length_band_all_std"", ""hist_length_band_all_tail_rate"", ""hist_length_band_last1_max"", ""hist_length_band_last1_mean"", ""hist_length_band_last1_median"", ""hist_length_band_last1_n"", ""hist_length_band_last1_std"", ""hist_length_band_last1_tail_rate"", ""hist_length_band_last2_max"", ""hist_length_band_last2_mean"", ""hist_length_band_last2_median"", ""hist_length_band_last2_n"", ""hist_length_band_last2_std"", ""hist_length_band_last2_tail_rate"", ""hist_material_all_max"", ""hist_material_all_mean"", ""hist_material_all_median"", ""hist_material_all_n"", ""hist_material_all_std"", ""hist_material_all_tail_rate"", ""hist_material_last1_max"", ""hist_material_last1_mean"", ""hist_material_last1_median"", ""hist_material_last1_n"", ""hist_material_last1_std"", ""hist_material_last1_tail_rate"", ""hist_material_last2_max"", ""hist_material_last2_mean"", ""hist_material_last2_median"", ""hist_material_last2_n"", ""hist_material_last2_std"", ""hist_material_last2_tail_rate"", ""hist_material_surface_all_max"", ""hist_material_surface_all_mean"", ""hist_material_surface_all_median"", ""hist_material_surface_all_n"", ""hist_material_surface_all_std"", ""hist_material_surface_all_tail_rate"", ""hist_material_surface_last1_max"", ""hist_material_surface_last1_mean"", ""hist_material_surface_last1_median"", ""hist_material_surface_last1_n"", ""hist_material_surface_last1_std"", ""hist_material_surface_last1_tail_rate"", ""hist_material_surface_last2_max"", ""hist_material_surface_last2_mean"", ""hist_material_surface_last2_median"", ""hist_material_surface_last2_n"", ""hist_material_surface_last2_std"", ""hist_material_surface_last2_tail_rate"", ""hist_nearest10_max"", ""hist_nearest10_mean"", ""hist_nearest10_median"", ""hist_nearest25_max"", ""hist_nearest25_mean"", ""hist_nearest25_median"", ""hist_nearest5_max"", ""hist_nearest5_mean"", ""hist_nearest5_median"", ""hist_radius100_max"", ""hist_radius100_mean"", ""hist_radius100_median"", ""hist_radius100_n"", ""hist_radius100_tail_rate"", ""hist_radius250_max"", ""hist_radius250_mean"", ""hist_radius250_median"", ""hist_radius250_n"", ""hist_radius250_tail_rate"", ""hist_radius500_max"", ""hist_radius500_mean"", ""hist_radius500_median"", ""hist_radius500_n"", ""hist_radius500_tail_rate"", ""hist_radius50_max"", ""hist_radius50_mean"", ""hist_radius50_median"", ""hist_radius50_n"", ""hist_radius50_tail_rate"", ""hist_surface_all_max"", ""hist_surface_all_max_log1p"", ""hist_surface_all_mean"", ""hist_surface_all_median"", ""hist_surface_all_n"", ""hist_surface_all_std"", ""hist_surface_all_tail_rate"", ""hist_surface_last1_max"", ""hist_surface_last1_mean"", ""hist_surface_last1_median"", ""hist_surface_last1_n"", ""hist_surface_last1_std"", ""hist_surface_last1_tail_rate"", ""hist_surface_last2_mean"", ""hist_surface_last2_median"", ""hist_surface_last2_n"", ""hist_surface_last2_std"", ""hist_surface_last2_tail_rate"", ""log1p_pipe_length"", ""log1p_years_used"", ""log_length"", ""material"", ""material_brass"", ""material_cast_iron"", ""material_code"", ""material_copper"", ""material_gray_iron"", ""material_surface"", ""material_wrought_iron"", ""midpoint_x"", ""midpoint_y"", ""orientation_cos2"", ""orientation_sin2"", ""pipe_length"", ""span_x"", ""span_y"", ""surface"", ""surface_code"", ""surface_farmland"", ""surface_grassland"", ""surface_road"", ""surface_structure"", ""surface_swamp"", ""surface_water"", ""weekday_cos"", ""x1"", ""x2"", ""y1"", ""y2"", ""years_used_at_leak""]","{""bootstrap_type"": ""Bernoulli"", ""border_count"": 128, ""depth"": 3, ""l2_leaf_reg"": 0.6201847397621251, ""learning_rate"": 0.03036174903365222, ""one_hot_max_size"": 2, ""random_strength"": 0.0036169292499532543, ""rsm"": 0.914138704034685, ""subsample"": 0.7277701133394161}",105
catboost,2026,"[""event_hour"", ""event_month"", ""event_year"", ""hist_grid1000_all_mean"", ""hist_grid1000_all_n"", ""hist_grid250_all_median"", ""hist_grid250_all_tail_rate"", ""hist_grid500_all_n"", ""hist_grid500_all_std"", ""hist_length_band_all_median"", ""hist_length_band_all_tail_rate"", ""hist_material_surface_all_median"", ""hist_material_surface_last1_median"", ""hist_radius500_median"", ""hist_surface_all_max"", ""hist_surface_all_mean"", ""hist_surface_all_tail_rate"", ""hist_surface_last1_std"", ""hour_sin"", ""inventory_10m_length_sum"", ""inventory_50m_surface_diversity"", ""midpoint_x"", ""midpoint_y"", ""orientation_cos2"", ""orientation_sin2"", ""season_cos"", ""season_sin"", ""surface"", ""weekday_cos"", ""weekday_sin"", ""y2""]","{""bootstrap_type"": ""Bernoulli"", ""border_count"": 254, ""depth"": 6, ""l2_leaf_reg"": 5.692617395759746, ""learning_rate"": 0.07749586710478815, ""one_hot_max_size"": 32, ""random_strength"": 0.0010867950457761608, ""rsm"": 0.7847747510664507, ""subsample"": 0.8296272982086644}",43
lightgbm,2023,"[""event_month"", ""event_weekday"", ""hist_grid250_all_max"", ""hist_grid250_all_median"", ""hist_grid250_last1_mean"", ""hist_grid250_last1_median"", ""hist_grid500_all_mean"", ""hist_grid500_all_median"", ""hist_grid500_last1_median"", ""hist_material_all_max"", ""hist_material_surface_all_mean"", ""hist_material_surface_last1_median"", ""hist_nearest25_max"", ""hist_nearest5_mean"", ""hist_radius100_mean"", ""hist_radius500_tail_rate"", ""hist_radius50_median"", ""hour_sin"", ""inventory_250m_count"", ""inventory_distance_to_road"", ""log1p_years_used"", ""material_code"", ""month_sin"", ""orientation_cos2"", ""surface_code"", ""surface_road"", ""surface_structure"", ""weekday_cos"", ""weekday_sin"", ""x1""]","{""colsample_bytree"": 0.8297113874949713, ""learning_rate"": 0.14776118540829655, ""max_bin"": 127, ""max_depth"": 3, ""min_child_samples"": 43, ""min_split_gain"": 19700778.906826887, ""num_leaves"": 61, ""reg_alpha"": 1.3126489179268885, ""reg_lambda"": 0.0029761217317507476, ""subsample"": 0.683537514633538, ""subsample_freq"": 1}",5
lightgbm,2024,"[""event_month"", ""hist_age_band_all_max"", ""hist_age_band_all_std"", ""hist_grid1000_all_max"", ""hist_grid1000_all_n"", ""hist_grid1000_all_tail_rate"", ""hist_grid250_all_max"", ""hist_grid250_all_median"", ""hist_grid500_all_max"", ""hist_grid500_all_mean"", ""hist_grid500_all_median"", ""hist_length_band_all_max"", ""hist_material_all_n"", ""hist_material_surface_all_n"", ""hist_material_surface_all_tail_rate"", ""hist_material_surface_last1_median"", ""hist_material_surface_last2_mean"", ""hist_nearest25_median"", ""hist_radius250_tail_rate"", ""hist_surface_last1_std"", ""hist_surface_last2_mean"", ""hour_cos"", ""lay_month"", ""log1p_years_used"", ""log_age"", ""material_copper"", ""midpoint_y"", ""orientation_cos2"", ""road_x_structure_exposure"", ""season_cos"", ""season_sin"", ""surface_road""]","{""colsample_bytree"": 0.5939078561191307, ""learning_rate"": 0.16801299589049618, ""max_bin"": 127, ""max_depth"": 7, ""min_child_samples"": 63, ""min_split_gain"": 64327.857575275346, ""num_leaves"": 10, ""reg_alpha"": 0.03439365605378452, ""reg_lambda"": 2.50738968174609, ""subsample"": 0.7216937914576833, ""subsample_freq"": 1}",6
lightgbm,2025,"[""hist_age_band_all_mean"", ""hist_age_band_all_std"", ""hist_grid1000_all_max"", ""hist_grid1000_all_mean"", ""hist_grid1000_all_median"", ""hist_grid1000_all_n"", ""hist_grid1000_all_std"", ""hist_grid250_all_max"", ""hist_grid250_all_mean"", ""hist_grid250_all_median"", ""hist_grid250_all_std"", ""hist_grid250_all_tail_rate"", ""hist_grid500_all_max"", ""hist_grid500_all_mean"", ""hist_grid500_all_median"", ""hist_grid500_all_std"", ""hist_length_band_all_std"", ""hist_length_band_last2_std"", ""hist_material_surface_all_median"", ""hist_material_surface_all_tail_rate"", ""hist_surface_all_max"", ""hist_surface_all_mean"", ""hist_surface_all_median"", ""hist_surface_all_tail_rate"", ""inventory_100m_parallel_count""]","{""colsample_bytree"": 0.8847699781203096, ""learning_rate"": 0.0998750061997041, ""max_bin"": 127, ""max_depth"": 6, ""min_child_samples"": 33, ""min_split_gain"": 1929.5705562742053, ""num_leaves"": 7, ""reg_alpha"": 2.2717342059203127, ""reg_lambda"": 0.0036068778622544108, ""subsample"": 0.9003466355212323, ""subsample_freq"": 1}",55
lightgbm,2026,"[""hist_age_band_all_max"", ""hist_age_band_all_mean"", ""hist_age_band_all_median"", ""hist_age_band_all_n"", ""hist_age_band_all_std"", ""hist_age_band_all_tail_rate"", ""hist_grid1000_all_max"", ""hist_grid1000_all_mean"", ""hist_grid1000_all_median"", ""hist_grid1000_all_std"", ""hist_grid1000_all_tail_rate"", ""hist_grid1000_last2_mean"", ""hist_grid250_all_max"", ""hist_grid250_all_mean"", ""hist_grid250_all_n"", ""hist_grid250_all_std"", ""hist_grid250_all_tail_rate"", ""hist_grid500_all_max"", ""hist_grid500_all_mean"", ""hist_grid500_all_median"", ""hist_grid500_all_n"", ""hist_grid500_all_std"", ""hist_grid500_all_tail_rate"", ""hist_length_band_all_max"", ""hist_length_band_all_mean"", ""hist_length_band_all_median"", ""hist_length_band_all_n"", ""hist_length_band_all_std"", ""hist_length_band_all_tail_rate"", ""hist_material_all_max"", ""hist_material_all_mean"", ""hist_material_all_median"", ""hist_material_all_n"", ""hist_material_all_std"", ""hist_material_all_tail_rate"", ""hist_material_surface_all_max"", ""hist_material_surface_all_mean"", ""hist_material_surface_all_median_log1p"", ""hist_material_surface_all_n"", ""hist_material_surface_all_tail_rate"", ""hist_material_surface_last2_std"", ""hist_nearest10_max"", ""hist_nearest10_mean"", ""hist_nearest10_median"", ""hist_nearest25_max"", ""hist_nearest25_mean"", ""hist_nearest25_median"", ""hist_nearest5_max"", ""hist_nearest5_mean"", ""hist_nearest5_median"", ""hist_radius100_mean"", ""hist_radius100_median"", ""hist_radius100_tail_rate"", ""hist_radius250_max"", ""hist_radius250_mean"", ""hist_radius250_median"", ""hist_radius250_n"", ""hist_radius250_tail_rate"", ""hist_radius500_max"", ""hist_radius500_mean"", ""hist_radius500_median"", ""hist_radius500_n"", ""hist_radius500_tail_rate"", ""hist_radius50_max"", ""hist_radius50_mean"", ""hist_radius50_median"", ""hist_radius50_n"", ""hist_radius50_tail_rate"", ""hist_surface_all_max"", ""hist_surface_all_mean"", ""hist_surface_all_median"", ""hist_surface_all_n"", ""hist_surface_all_std"", ""hist_surface_all_tail_rate"", ""inventory_100m_prior_repairs"", ""inventory_10m_road_count"", ""log1p_pipe_length"", ""log1p_years_used"", ""log_length"", ""material"", ""material_brass"", ""material_cast_iron"", ""material_code"", ""material_copper"", ""material_gray_iron"", ""material_surface"", ""material_wrought_iron"", ""midpoint_x"", ""midpoint_y"", ""orientation_cos2"", ""orientation_sin2"", ""pipe_length"", ""span_x"", ""span_y"", ""surface"", ""surface_code"", ""surface_farmland"", ""surface_grassland"", ""surface_road"", ""surface_structure"", ""surface_swamp"", ""surface_water"", ""x1"", ""x2"", ""y1"", ""y2"", ""years_used_at_leak""]","{""colsample_bytree"": 0.9439828601929375, ""learning_rate"": 0.12907214194382882, ""max_bin"": 255, ""max_depth"": 7, ""min_child_samples"": 16, ""min_split_gain"": 1261.5920384304368, ""num_leaves"": 12, ""reg_alpha"": 9.167377750356485, ""reg_lambda"": 47.79663467074333, ""subsample"": 0.7830482459013572, ""subsample_freq"": 1}",28
