model,year,n_test,RMSE,MAE,actual_total,predicted_total,total_bias_pct,high_cost_threshold_prior_only,high_cost_RMSE
prior_surface_mean,2023,1826,158531.62962708512,29071.6918064731,42691215.21,44796277.30968665,4.930902269545978,487871.8180000002,1630842.8472759502
anthony_linear_raw,2023,1826,159616.30169124607,34480.34994614526,42691215.21,56106737.92671177,31.42455104807911,487871.8180000002,1650496.753609722
anthony_gamma,2023,1826,159308.61248303935,29755.547373647834,42691215.21,45254962.66445233,6.005327892029166,487871.8180000002,1634664.460717934
anthony_rf_log_mean,2023,1826,159348.86268003366,25341.26714815004,42691215.21,33987144.47035228,-20.388435177663624,487871.8180000002,1657363.9106995736
takito_xgboost,2023,1826,161050.64129968116,31198.265511320853,42691215.21,47794567.86328125,11.954104909353426,487871.8180000002,1679511.3985827563
takito_catboost,2023,1826,158723.19518321095,30063.35735142552,42691215.21,47104441.18339749,10.337550598381018,487871.8180000002,1638815.1963954333
takito_lightgbm,2023,1826,158823.93567561443,32076.524076884976,42691215.21,51469179.07890111,20.56152261237332,487871.8180000002,1621839.1975319907
rion_gamma_refit,2023,1826,160281.60062793392,29965.9084776384,42691215.21,44639450.80115124,4.563551497814666,487871.8180000002,1663766.4785339765
rion_rf_raw_refit,2023,1826,158514.66205365656,30651.77459694171,42691215.21,48896216.23499259,14.53460857103719,487871.8180000002,1616608.124856908
rion_lgb_log_mean_refit,2023,1826,164342.5795731301,22360.490400496423,42691215.21,21669392.649357077,-49.24156517268399,487871.8180000002,1734417.35876907
anthony_rf_log_plain,2023,1826,165310.64188053456,20885.85298463384,42691215.21,12612686.908686824,-70.4560133820402,487871.8180000002,1742574.885009847
ensemble_equal,2023,1826,159167.40565283268,29050.65311654713,42691215.21,44171837.01822837,3.468211904826624,487871.8180000002,1652274.970254357
ensemble_rmse_weighted,2023,1826,158626.76347128424,29179.48697251313,42691215.21,44964935.48887327,5.325967573630175,487871.8180000002,1633056.2856480523
ensemble_stable,2023,1826,159453.13645931607,28229.236575927676,42691215.21,41859656.99941315,-1.9478438514724417,487871.8180000002,1659227.942023015
prior_surface_mean,2024,1955,99232.6654775538,16483.54170774753,28070722.84,27786269.22065574,-1.0133462574712149,453803.397799999,1476321.844955003
anthony_linear_raw,2024,1955,100246.41968989716,19527.41162319144,28070722.84,35633793.94919184,26.942915407987567,453803.397799999,1499184.451834718
anthony_gamma,2024,1955,102749.13058713032,15803.527230524454,28070722.84,23263993.648066778,-17.123638815184915,453803.397799999,1550678.7569521563
anthony_rf_log_mean,2024,1955,99293.60955350516,14965.962878429458,28070722.84,24006440.99457408,-14.478721722243758,453803.397799999,1508088.2498868927
takito_xgboost,2024,1955,98214.48577658238,17118.88415785658,28070722.84,29015422.664276123,3.365427494193196,453803.397799999,1441605.8214819685
takito_catboost,2024,1955,97780.39879565962,19459.317040791757,28070722.84,36148734.31256208,28.7773546787728,453803.397799999,1426543.7739782096
takito_lightgbm,2024,1955,99134.7649701451,19927.5490123735,28070722.84,36891687.54996508,31.42407397288487,453803.397799999,1461626.1058215522
rion_gamma_refit,2024,1955,104063.60530765682,17338.629915421272,28070722.84,26595034.587053243,-5.257036882726574,453803.397799999,1573701.616633788
rion_rf_raw_refit,2024,1955,97764.89329382007,17562.066408617426,28070722.84,31764338.19998267,13.158248118639015,453803.397799999,1426296.606409238
rion_lgb_log_mean_refit,2024,1955,98298.06098612255,15338.54658951212,28070722.84,26324735.25150631,-6.219959487490301,453803.397799999,1488088.776546225
anthony_rf_log_plain,2024,1955,106047.20303004557,12304.19755287393,28070722.84,9268938.741985388,-66.98004965950713,453803.397799999,1620623.0664292208
ensemble_equal,2024,1955,99065.40426583364,17118.4390673598,28070722.84,29743045.03778339,5.95753165073607,453803.397799999,1484771.0220069117
ensemble_rmse_weighted,2024,1955,99458.85326183548,16384.59853345006,28070722.84,27334937.63954829,-2.6211836604479237,453803.397799999,1483072.357951108
ensemble_stable,2024,1955,99245.82320490206,16782.411492488496,28070722.84,28797966.183985323,2.590753890202735,453803.397799999,1490083.3138146168
prior_surface_mean,2025,1773,114824.73290206087,27961.8628922835,42655883.54000001,51706131.4023736,21.21688055971653,415075.8224999984,1081983.3801193556
anthony_linear_raw,2025,1773,117252.64279864811,28384.687502379937,42655883.54000001,44430990.1348646,4.161457804994262,415075.8224999984,1056794.3870223914
anthony_gamma,2025,1773,114398.2799158969,25160.186794896672,42655883.54000001,41590905.12010936,-2.496674154907541,415075.8224999984,1120013.8566645132
anthony_rf_log_mean,2025,1773,112631.27710504862,24241.605757128375,42655883.54000001,41337038.100147046,-3.0918253952382235,415075.8224999984,1103902.257108095
takito_xgboost,2025,1773,115214.26828716412,30387.97489629798,42655883.54000001,54070976.26892471,26.760886849806663,415075.8224999984,1071632.8069094871
takito_catboost,2025,1773,115475.00002512617,29326.28775909564,42655883.54000001,57351412.67670106,34.45135328851063,415075.8224999984,1053968.371975756
takito_lightgbm,2025,1773,114205.89657503032,28800.95544478811,42655883.54000001,53258052.46034101,24.85511502861957,415075.8224999984,1064292.7440782296
rion_gamma_refit,2025,1773,117389.8540040197,25956.76972627601,42655883.54000001,42564831.23292234,-0.2134577918009528,415075.8224999984,1123814.7643628262
rion_rf_raw_refit,2025,1773,116394.94419521106,30779.770366534853,42655883.54000001,58021893.052329816,36.0231889181724,415075.8224999984,1054764.6406331796
rion_lgb_log_mean_refit,2025,1773,114575.9798182881,23369.108117343752,42655883.54000001,35090849.85257371,-17.73502987069131,415075.8224999984,1145416.6259856788
anthony_rf_log_plain,2025,1773,117892.02754505468,19734.44681000203,42655883.54000001,16750045.188042143,-60.73215744708463,415075.8224999984,1188857.5938213947
ensemble_equal,2025,1773,113674.61624448144,26560.4771513616,42655883.54000001,47942308.03012873,12.393189523718217,415075.8224999984,1086352.643668412
ensemble_rmse_weighted,2025,1773,114737.81402162791,27980.8817280541,42655883.54000001,51741491.655366495,21.299777103073204,415075.8224999984,1081636.2364652664
ensemble_stable,2025,1773,113590.49518518774,26207.686828372083,42655883.54000001,46931243.87065259,10.022908860024948,415075.8224999984,1090855.926316329
prior_surface_mean,2026,3038,128432.26543849448,26634.375605404035,71048709.66,76274342.84874803,7.355000834997627,407534.7272000001,1102731.609485893
anthony_linear_raw,2026,3038,128411.31838239418,27438.54076183152,71048709.66,79926583.04900277,12.495474487133372,407534.7272000001,1104476.9151584038
anthony_gamma,2026,3038,130166.28328554794,24229.15613315953,71048709.66,61695525.062160775,-13.164467929957368,407534.7272000001,1138735.8881201767
anthony_rf_log_mean,2026,3038,128873.30732517512,24302.385256382368,71048709.66,66495278.58392645,-6.40888637930761,407534.7272000001,1126731.7014845223
takito_xgboost,2026,3038,131922.1498819613,25453.86540370798,71048709.66,65738192.11035156,-7.4744743079243054,407534.7272000001,1146719.4984124943
takito_catboost,2026,3038,126300.80285121343,26954.64268587805,71048709.66,77040611.24680491,8.433512185483515,407534.7272000001,1081826.6228793997
takito_lightgbm,2026,3038,130310.57025210072,25834.18108125186,71048709.66,69709268.15164387,-1.8852439611724887,407534.7272000001,1127971.6290293208
rion_gamma_refit,2026,3038,129669.63187887182,24147.339393589707,71048709.66,59374842.37589078,-16.430794225502364,407534.7272000001,1138523.178897638
rion_rf_raw_refit,2026,3038,129141.94032098848,25102.761103685385,71048709.66,68437866.6326285,-3.6747226513550446,407534.7272000001,1121246.4599062984
rion_lgb_log_mean_refit,2026,3038,132022.12549548844,23761.886004972108,71048709.66,56922656.98927715,-19.882208611982342,407534.7272000001,1159813.9963832158
anthony_rf_log_plain,2026,3038,133763.1538303662,19866.547237409864,71048709.66,27632617.27307703,-61.10750299996788,407534.7272000001,1200228.1255278576
ensemble_equal,2026,3038,128698.934744673,25012.378790794737,71048709.66,68161516.70504346,-4.063681055958723,407534.7272000001,1123927.5101562086
ensemble_rmse_weighted,2026,3038,128492.84159792254,25775.53787312557,71048709.66,72064614.4443016,1.4298708437678442,407534.7272000001,1114487.5357527458
ensemble_stable,2026,3038,128632.64241455392,25011.419326114697,71048709.66,68279847.38133274,-3.897132392576175,407534.7272000001,1123610.966992095
ensemble_balanced,2023,1826,159543.95145338547,26871.86618381856,42691215.21,38438485.22354441,-9.96160443205053,487871.8180000002,1662766.1296673475
ensemble_balanced,2024,1955,98941.25389346173,16636.640071355458,28070722.839999996,28561080.148386497,1.7468638452293739,453803.397799999,1477481.4618729842
ensemble_balanced,2025,1773,113997.85871430834,26747.416128715293,42655883.54000001,48340774.289862506,13.32733090508269,415075.82249999844,1091083.7349542626
ensemble_balanced,2026,3038,128538.32843099521,25514.329418793604,71048709.66,70696029.92742091,-0.496391467581625,407534.7272000001,1118742.7954984105
