model,mean_annual_RMSE,annual_RMSE_sd,worst_annual_RMSE,mean_absolute_annual_total_bias_pct,worst_absolute_annual_total_bias_pct,pooled_RMSE,pooled_total_bias_pct,annual_relative_RMSE_sd
takito_catboost,124569.84921380255,25624.455616148392,158723.19518321095,20.49994268778699,34.45135328851063,126180.71661385475,17.98628073322408,0.011177281630382282
anthony_rf_log_mean,125036.76416594064,25875.63388254937,159348.86268003366,11.091967168613305,20.388435177663624,127003.82447907653,-10.105155105745068,0.011242112537004304
ensemble_equal,125151.59022695519,25702.5898954907,159167.40565283268,6.470653533809909,12.393189523718217,127044.20825702895,3.009855231494174,0.0062096482155659235
ensemble_stable,125230.52431598995,25777.616643563753,159453.13645931607,4.614659748569075,10.022908860024948,127113.11144128427,0.7601287756007435,0.007050972108264085
prior_surface_mean,125255.32336129856,25188.4990972669,158531.62962708512,8.629032480432837,21.21688055971653,127022.97575280622,8.725967481683195,0.0
ensemble_balanced,125255.3481230377,25856.32676257418,159543.95145338547,6.383047662486055,13.32733090508269,127124.82277836806,0.8510152647077218,0.005767671403640677
ensemble_rmse_weighted,125329.06808816755,25167.364174729817,158626.76347128424,7.669199795229787,21.299777103073204,127093.9030013792,6.30978850158741,0.0012474899114983382
rion_rf_raw_refit,125454.10996591905,25530.122087770407,158514.66205365656,16.847692064800913,36.0231889181724,127308.50066283271,12.280700849322002,0.011995817552285083
takito_lightgbm,125618.79186822264,25535.936895445084,158823.93567561443,19.681488893762562,31.42407397288487,127642.96501395748,14.561804685559231,0.008599217686118849
anthony_linear_raw,126381.67064054638,25000.337748543083,159616.30169124607,18.75609968704858,31.42455104807911,127939.67075728597,17.147595065308607,0.008879690094977308
takito_xgboost,126600.38631134723,26774.01893062833,161050.64129968116,12.388723390319397,26.760886849806663,128840.76050060689,6.587985134476071,0.016125827554254523
anthony_gamma,126655.57656790363,24496.974621228805,159308.61248303935,9.697527198019749,17.123638815184915,128402.92892973345,-6.863654165021204,0.01680991878952634
rion_lgb_log_mean_refit,127309.68646825729,28269.323488341124,164342.5795731301,23.269690785711987,49.24156517268399,129654.89526615891,-24.101334917515437,0.022475422009206606
rion_gamma_refit,127851.17295462056,24016.154290243016,160281.60062793392,6.6162100994611395,16.430794225502364,129277.65955757089,-6.121637446349714,0.018089975283082614
anthony_rf_log_plain,130753.25657150026,25684.44830742202,165310.64188053456,64.81893087214996,70.4560133820402,132518.71593325818,-64.07788032725237,0.01743539863792839
