model,feature_set,target,MAE_2023,MAE_2024,MAE_2025,MAE_2026,mean_MAE_2023_2025,mean_MAE_2023_2026,RMSE_2023,RMSE_2024,RMSE_2025,RMSE_2026,mean_RMSE_2023_2025,mean_RMSE_2023_2026
catboost,starting+all_new,raw,33716.6027757321,19693.59041552968,29525.017392984515,27927.93402433724,27645.070194748765,27715.786152145884,163078.43158640727,99183.0009510014,115578.08427303215,130288.18504571056,125946.50560348027,127031.92546403783
catboost,starting,raw,34576.97409531143,24568.855623319592,29900.153584484106,28915.50466887757,29681.994434371707,29490.371992998174,163512.78333145118,101252.72530297378,114058.15758471614,129054.81405072575,126274.55540638037,126969.62006746672
catboost,starting,log_smear,24751.67145449126,13297.160664322344,21867.68975558839,22133.20148477505,19972.173958133997,20512.430839794262,160751.09771808458,103771.14766357453,114910.41317680448,130126.15878042202,126477.5528528212,127389.7043347214
catboost,starting+history,log_smear,24294.91856274102,14753.297140622702,22616.55638329114,21380.81062075282,20554.924028884954,20761.39567685192,163321.81170700313,102830.24598795733,113733.62721883129,131731.52473029928,126628.56163793057,127904.30241102274
catboost,starting+all_new,log_smear,22930.55005711106,14463.208105485064,22562.494105142167,21637.712164401448,19985.41742257943,20398.491108034934,166849.4372941865,102870.01404318368,114157.27091581188,130135.42622705335,127958.90741772736,128503.03712005886
catboost,starting+history,raw,36676.239614791164,19655.610677547204,37485.37110551248,28041.313313444738,31272.407132616947,30464.633677823895,162028.52306323365,95093.95552695786,130368.01489230739,130251.8234411731,129163.49782749964,129435.579230918
catboost,starting,log,20935.81995334745,12289.265139478612,19959.090721560577,19909.47658710079,17728.058604795548,18273.413100371858,164026.51655585598,106790.87690534945,120844.42872745768,134961.84259032237,130553.94072955435,131655.91619474636
catboost,starting+history,log,21353.951936106918,12430.528480541105,19903.555328681392,19836.679432118002,17896.011915109804,18381.178794361855,169196.24280959117,106886.0854848544,118226.87984588595,135950.12043112895,131436.40271344385,132564.8321428651
catboost,starting+all_new,log,21448.51485589695,12204.601628424258,20119.207402543598,19774.635627264786,17924.107962288268,18386.739878532397,168807.8248232909,106068.28815624015,119612.89488505013,134869.68937490566,131496.3359548604,132339.6743098717
