model,target,MAE_2023,MAE_2024,MAE_2025,MAE_2026,mean_MAE_2023_2025,mean_MAE_2023_2026,RMSE_2023,RMSE_2024,RMSE_2025,RMSE_2026,mean_RMSE_2023_2025,mean_RMSE_2023_2026
linear regression (selected features),log,25528.973069351377,14105.270547055354,20282.20321502875,19782.30755884614,19972.148943811826,19924.688597570406,142860.534848868,88158.07226912634,115235.76333263043,135520.37899069887,115418.1234835416,120443.68736033092
linear regression (selected features),log_smear,27631.784279784388,17386.735665036213,23831.39696976641,21080.09624184286,22949.97230486234,22482.503289107466,150429.36359454965,87532.21455272326,113657.55005087871,133257.9647939322,117206.37606605055,121219.27324802097
"ridge (selected features, inner-validated alpha)",log_smear,25358.374106532756,16169.283121017224,23802.773438793432,21080.097302771213,21776.81022211447,21602.631992278657,152892.66646081666,89058.15793158892,113675.18816207492,133257.90464224163,118542.00418482682,122220.97929918053
"ridge (selected features, inner-validated alpha)",log,21432.47964753856,14080.532963911282,20280.77297574254,19782.32766801202,18597.928529064127,18894.0283138011,162677.5224410272,88170.3278621586,115238.94298225762,135520.66585302717,122028.93109514781,125401.86478461765
linear regression (selected features),raw,30342.923794865852,17707.98718000562,28220.01914748108,26277.841757125705,25423.643374117517,25637.192969869564,158614.76731832878,99158.97212059838,114090.08662683112,128796.46469601148,123954.60868858609,125165.07269044244
linear regression (baseline features),raw,37867.047065047744,20341.628980041005,27071.680694178747,25745.139969839707,28426.785579755833,27756.374177276804,159850.31913895076,99745.9382318601,114579.17220560386,128667.172371291,124725.14319213823,125710.65048692643
"ridge (selected features, inner-validated alpha)",raw,41718.14171188822,17707.99785956776,28219.979934170777,25640.04256935345,29215.373168542254,28321.540518745052,161925.1519032859,99158.98164856416,114090.0800314898,128634.76065617781,125058.07119444663,125952.24355987943
linear regression (baseline features),log_smear,25705.673424930705,14377.152817657468,21577.664072732732,22219.223471625606,20553.496771773633,20969.928446736627,159915.21823254335,103094.39758498312,116677.84890322732,131527.50683296865,126562.48824025126,127803.7428884306
linear regression (baseline features),log,21283.98167591546,12611.387112220233,20847.902386162765,20393.410383494018,18247.757058099483,18784.170389448118,164970.69266860955,107557.33091214077,121567.14424040748,136260.37857117868,131365.05594038594,132588.88659808412
reference: training-mean constant,raw,40230.39519768818,32336.894535863157,36694.33391022514,35121.76074640723,36420.541214592165,36095.84609754593,169548.5817896443,111782.40107950816,124485.00842283382,139607.62588310923,135271.99709732874,136355.90429377387
