component,takito_catboost,ensemble_equal,ensemble_stable,ensemble_balanced,ensemble_rmse_weighted,prior_surface_mean
prior_surface_mean,0.0,0.1,0.19605427315975832,0.6156087226804104,0.7444388452039297,1.0
anthony_linear_raw,0.0,0.1,0.09861518657699933,0.06575633513325548,0.0,0.0
anthony_gamma,0.0,0.1,0.11083861884917948,0.010000000000000009,0.013412410514867532,0.0
anthony_rf_log_mean,0.0,0.1,0.10394540419992149,0.010000000000000047,0.056812889973770625,0.0
takito_xgboost,0.0,0.1,0.060510817695201065,0.010000000000000073,0.04545048738071354,0.0
takito_catboost,1.0,0.1,0.09974259773375577,0.010000000000000002,0.045037584031106845,0.0
takito_lightgbm,0.0,0.1,0.05,0.010000000000000016,0.0,0.0
rion_gamma_refit,0.0,0.1,0.053217885392742595,0.01000000000000002,3.5429439748258515e-18,0.0
rion_rf_raw_refit,0.0,0.1,0.07362081213047625,0.010000000000000016,0.0,0.0
rion_lgb_log_mean_refit,0.0,0.1,0.15345440426196572,0.24863494218633414,0.0948477828956118,0.0
