model,feature_pack,n_features,parameters
prior_surface_mean,surface,11,"{""smoothing"": 114.72895299736683}"
anthony_linear_raw,inventory,52,"{""feature_pack"": ""inventory"", ""fit_intercept"": true, ""positive"": false, ""regularizer"": ""none""}"
anthony_gamma,inventory,52,"{""feature_pack"": ""inventory"", ""alpha"": 1.823437789627169e-07, ""fit_intercept"": true}"
anthony_rf_log_mean,inventory,57,"{""feature_pack"": ""inventory"", ""n_estimators"": 100, ""max_depth"": 4, ""min_samples_split"": 4, ""min_samples_leaf"": 2, ""max_features"": 0.7652240976101906, ""max_leaf_nodes"": 128, ""bootstrap"": false, ""criterion"": ""squared_error"", ""correction"": ""past_oof""}"
takito_xgboost,base,11,"{""feature_pack"": ""base"", ""n_estimators"": 50, ""max_depth"": 2, ""learning_rate"": 0.03400222271227792, ""min_child_weight"": 2.5595468585959407, ""subsample"": 0.6217577997726309, ""colsample_bytree"": 0.9152687434491344, ""colsample_bylevel"": 0.8242489354665836, ""reg_alpha"": 4.72769123230253e-06, ""reg_lambda"": 0.28215126476216157, ""gamma"": 1.5614266004305378e-08, ""max_bin"": 64, ""grow_policy"": ""depthwise""}"
takito_catboost,topology,49,"{""feature_pack"": ""topology"", ""iterations"": 150, ""depth"": 2, ""learning_rate"": 0.02932217209384241, ""l2_leaf_reg"": 1.0143268892104178, ""random_strength"": 0.00153216083646107, ""rsm"": 0.7357430693448022, ""border_count"": 128, ""one_hot_max_size"": 6, ""leaf_estimation_iterations"": 4, ""bootstrap_type"": ""MVS"", ""subsample"": 0.99792074633296}"
takito_lightgbm,inventory,57,"{""feature_pack"": ""inventory"", ""n_estimators"": 150, ""max_depth"": 6, ""num_leaves"": 16, ""learning_rate"": 0.020049286604575615, ""min_child_samples"": 65, ""min_child_weight"": 0.02286170674005031, ""subsample"": 0.6082853861257254, ""subsample_freq"": 1, ""colsample_bytree"": 0.5414386815290843, ""reg_alpha"": 13.333499439647516, ""reg_lambda"": 292.18403707460607, ""min_split_gain"": 0.20339700612093983, ""max_bin"": 127, ""extra_trees"": false}"
rion_gamma_refit,inventory,54,"{""feature_pack"": ""inventory"", ""alpha"": 4.192652414701989e-08, ""fit_intercept"": true}"
rion_rf_raw_refit,local_history,61,"{""feature_pack"": ""local_history"", ""n_estimators"": 600, ""max_depth"": 20, ""min_samples_split"": 9, ""min_samples_leaf"": 13, ""max_features"": 0.3922905137037166, ""max_leaf_nodes"": null, ""bootstrap"": false, ""criterion"": ""friedman_mse""}"
rion_lgb_log_mean_refit,all,309,"{""feature_pack"": ""all"", ""n_estimators"": 250, ""max_depth"": 6, ""num_leaves"": 35, ""learning_rate"": 0.034533338521488086, ""min_child_samples"": 142, ""min_child_weight"": 0.0012555616035198273, ""subsample"": 0.8230858528332927, ""subsample_freq"": 5, ""colsample_bytree"": 0.9996480750879551, ""reg_alpha"": 3.923387229438984e-08, ""reg_lambda"": 0.5616729096670305, ""min_split_gain"": 2.957293914031892, ""max_bin"": 255, ""extra_trees"": true, ""correction"": ""training_residual""}"
