model,prediction_year,trials,completed_trials,feature_pack,inner_mean_RMSE,training_end,training_rows
prior_surface_mean,2020,0,0,surface,,2019,1078
prior_surface_mean,2021,30,30,surface,121749.30995591791,2020,1781
prior_surface_mean,2022,30,30,surface,204940.0420887019,2021,2647
prior_surface_mean,2023,30,30,surface,226375.6709079913,2022,5521
prior_surface_mean,2024,30,30,surface,161576.0986107909,2023,7347
prior_surface_mean,2025,30,30,surface,128882.14755231945,2024,9302
prior_surface_mean,2026,30,30,surface,107008.56665596712,2025,11075
prior_surface_mean,2027,30,30,surface,121219.73720122082,2026,14113
anthony_linear_raw,2020,0,0,base,,2019,1078
anthony_linear_raw,2021,30,30,inventory,120093.193659365,2020,1781
anthony_linear_raw,2022,30,28,inventory,203899.8606665574,2021,2647
anthony_linear_raw,2023,30,29,base,227916.32179422036,2022,5521
anthony_linear_raw,2024,30,29,base,163621.57055046834,2023,7347
anthony_linear_raw,2025,30,26,all,128469.69896196642,2024,9302
anthony_linear_raw,2026,30,30,base,107033.00514018667,2025,11075
anthony_linear_raw,2027,30,30,inventory,121537.13567532212,2026,14113
anthony_gamma,2020,0,0,base,,2019,1078
anthony_gamma,2021,30,30,topology,118517.4375394142,2020,1781
anthony_gamma,2022,30,29,base,202505.39949820994,2021,2647
anthony_gamma,2023,30,14,base,229492.1449379292,2022,5521
anthony_gamma,2024,30,14,base,166025.23021170747,2023,7347
anthony_gamma,2025,30,19,base,130348.89716077878,2024,9302
anthony_gamma,2026,30,25,inventory,107958.54875925853,2025,11075
anthony_gamma,2027,30,25,inventory,121664.33105933813,2026,14113
anthony_rf_log_mean,2020,0,0,base,,2019,1078
anthony_rf_log_mean,2021,30,30,base,119797.08605296483,2020,1781
anthony_rf_log_mean,2022,30,30,topology,203517.247530267,2021,2647
anthony_rf_log_mean,2023,30,29,all,226384.82083787228,2022,5521
anthony_rf_log_mean,2024,30,30,inventory,161108.10114454845,2023,7347
anthony_rf_log_mean,2025,30,30,local_history,128092.95288839459,2024,9302
anthony_rf_log_mean,2026,30,29,local_history,104533.52680370235,2025,11075
anthony_rf_log_mean,2027,30,30,inventory,121040.95166853763,2026,14113
takito_xgboost,2020,0,0,base,,2019,1078
takito_xgboost,2021,30,30,base,116804.42144741664,2020,1781
takito_xgboost,2022,30,30,all,201912.4271502291,2021,2647
takito_xgboost,2023,30,30,inventory,228788.30028105824,2022,5521
takito_xgboost,2024,30,30,inventory,162710.88071039418,2023,7347
takito_xgboost,2025,30,30,local_history,128538.12015724207,2024,9302
takito_xgboost,2026,30,30,base,105215.08607090847,2025,11075
takito_xgboost,2027,30,30,base,121899.94167548593,2026,14113
takito_catboost,2020,0,0,base,,2019,1078
takito_catboost,2021,30,28,local_history,118892.21724985391,2020,1781
takito_catboost,2022,30,29,base,199694.053626871,2021,2647
takito_catboost,2023,30,30,inventory,227606.58270967042,2022,5521
takito_catboost,2024,30,30,base,164241.16097603954,2023,7347
takito_catboost,2025,30,30,base,127177.77321426393,2024,9302
takito_catboost,2026,30,30,topology,105877.69534485368,2025,11075
takito_catboost,2027,30,30,topology,120468.80146193848,2026,14113
takito_lightgbm,2020,0,0,base,,2019,1078
takito_lightgbm,2021,30,30,all,118805.46131052761,2020,1781
takito_lightgbm,2022,30,30,all,201754.29388301706,2021,2647
takito_lightgbm,2023,30,30,inventory,227635.33692510403,2022,5521
takito_lightgbm,2024,30,30,topology,165068.79338169482,2023,7347
takito_lightgbm,2025,30,30,local_history,128194.70593578974,2024,9302
takito_lightgbm,2026,30,29,local_history,106438.99241823044,2025,11075
takito_lightgbm,2027,30,30,inventory,121169.32617724265,2026,14113
rion_gamma_refit,2020,0,0,base,,2019,1078
rion_gamma_refit,2021,30,30,topology,119099.35242714008,2020,1781
rion_gamma_refit,2022,30,29,base,202745.11899510663,2021,2647
rion_gamma_refit,2023,30,19,base,229408.73447086936,2022,5521
rion_gamma_refit,2024,30,19,base,165473.8230988246,2023,7347
rion_gamma_refit,2025,30,18,local_history,129525.70627255624,2024,9302
rion_gamma_refit,2026,30,17,base,107486.3033889104,2025,11075
rion_gamma_refit,2027,30,25,inventory,121788.36600617628,2026,14113
rion_rf_raw_refit,2020,0,0,base,,2019,1078
rion_rf_raw_refit,2021,30,30,group_history,118985.08680780148,2020,1781
rion_rf_raw_refit,2022,30,30,base,203538.8015056971,2021,2647
rion_rf_raw_refit,2023,30,29,inventory,227648.35809291498,2022,5521
rion_rf_raw_refit,2024,30,30,inventory,161944.0168573504,2023,7347
rion_rf_raw_refit,2025,30,30,inventory,127924.6053398372,2024,9302
rion_rf_raw_refit,2026,30,30,local_history,105708.8437240761,2025,11075
rion_rf_raw_refit,2027,30,30,local_history,121383.94584021321,2026,14113
rion_lgb_log_mean_refit,2020,0,0,base,,2019,1078
rion_lgb_log_mean_refit,2021,30,30,base,121367.14858712803,2020,1781
rion_lgb_log_mean_refit,2022,30,30,group_history,205234.39764434873,2021,2647
rion_lgb_log_mean_refit,2023,30,30,all,226659.11711762613,2022,5521
rion_lgb_log_mean_refit,2024,30,30,base,161741.52375553374,2023,7347
rion_lgb_log_mean_refit,2025,30,30,local_history,126963.82570328281,2024,9302
rion_lgb_log_mean_refit,2026,30,30,local_history,105627.50341930598,2025,11075
rion_lgb_log_mean_refit,2027,30,30,all,120947.50329868485,2026,14113
