"model","variant","training_years","test_year","n_test","MAE","RMSE","total_bias_pct"
"Gamma","log link","2019-2022",2023,1824,30116.2091899343,157549.337597651,10.2345227454947
"Gamma","log link","2019-2023",2024,1951,16257.0463680186,101120.148148399,-9.25335293834436
"Gamma","log link","2019-2024",2025,1773,24111.9171732697,114040.91724947,-9.78305127165957
"Gamma","log link","2019-2025",2026,3038,24161.6620790438,129651.091619021,-16.2605587564507
"LightGBM","log1p","2019-2022",2023,1824,20405.7023612581,164614.589075245,-67.601679038078
"LightGBM","log1p","2019-2023",2024,1951,12199.1522843826,105398.504823245,-67.0595350271658
"LightGBM","log1p","2019-2024",2025,1773,19889.1911879059,117606.49511187,-58.7824348863224
"LightGBM","log1p","2019-2025",2026,3038,20720.8851186493,136023.780643918,-64.8608743465619
"LightGBM","raw","2019-2022",2023,1824,55108.8865445588,218222.865137708,105.673539836489
"LightGBM","raw","2019-2023",2024,1951,36093.6387414098,127838.62335621,115.233315851963
"LightGBM","raw","2019-2024",2025,1773,34673.2561336414,124907.582305275,41.7068293217729
"Random Forest","log1p","2019-2022",2023,1824,20706.1801663392,165696.302947378,-66.3187521835914
"Random Forest","log1p","2019-2023",2024,1951,12443.7602756857,104102.695865874,-61.541682538226
"Random Forest","log1p","2019-2024",2025,1773,19658.2740298409,118042.696225808,-59.9955022812395
"Random Forest","raw","2019-2022",2023,1824,44530.5795598129,170941.133147595,80.4706964324574
"Random Forest","raw","2019-2023",2024,1951,37041.382812735,147154.021638173,164.847727035146
"Random Forest","raw","2019-2024",2025,1773,29468.1367938157,116908.263830667,32.865272409212
"Random Forest","raw","2019-2025",2026,3038,29209.9528638061,135663.938108696,23.0947585917932
