model,feature_set,n_features,target,test_year,MAE,RMSE,depth,trees
xgboost,starting,16,raw,2023,37082.76912694027,164503.75060383513,3,25
xgboost,starting,16,log,2023,20939.597628468968,164150.27931749716,3,875
xgboost,starting,16,log_smear,2023,24521.072579715124,161472.34678803978,3,325
xgboost,starting,16,raw,2024,25531.39847383954,105006.38440301639,3,25
xgboost,starting,16,log,2024,12530.79633477223,105225.51588544575,6,1450
xgboost,starting,16,log_smear,2024,13085.51586856625,102618.79448781678,3,1425
xgboost,starting,16,raw,2025,27420.934212713266,114550.2335599456,3,25
xgboost,starting,16,log,2025,19913.74132427906,118857.62199770115,6,1500
xgboost,starting,16,log_smear,2025,21624.291274014737,115108.66661923745,3,150
xgboost,starting,16,raw,2026,27425.70136066208,139337.34349928194,3,50
xgboost,starting,16,log,2026,20756.57775532545,135442.88073618535,6,700
xgboost,starting,16,log_smear,2026,22440.11684389658,129688.4809588834,3,100
xgboost,starting+history,324,raw,2023,40730.493240474236,167160.92189506278,3,25
xgboost,starting+history,324,log,2023,21102.381271999428,165682.89893069497,3,225
xgboost,starting+history,324,log_smear,2023,24506.568362207247,161454.81705931597,3,50
xgboost,starting+history,324,raw,2024,19999.665826419143,96865.55785349365,3,25
xgboost,starting+history,324,log,2024,12127.60427572699,107294.62518101503,6,75
xgboost,starting+history,324,log_smear,2024,13471.914943113106,102220.92028437639,3,75
xgboost,starting+history,324,raw,2025,35189.984629269784,123948.7384789728,3,25
xgboost,starting+history,324,log,2025,22976.146656799145,119232.50564952634,3,1400
xgboost,starting+history,324,log_smear,2025,29303.70205160194,122020.94838204117,3,125
xgboost,starting+history,324,raw,2026,26311.143611198262,132980.24047432397,3,25
xgboost,starting+history,324,log,2026,19937.58317079847,135753.07549691206,3,100
xgboost,starting+history,324,log_smear,2026,21861.68124347137,132625.07961946362,3,50
xgboost,starting+all_new,506,raw,2023,37704.61503255209,169771.79107163943,3,25
xgboost,starting+all_new,506,log,2023,20983.736337299015,164622.07656750345,3,675
xgboost,starting+all_new,506,log_smear,2023,24152.65803612425,160408.67339978582,3,75
xgboost,starting+all_new,506,raw,2024,20071.946091948037,93242.9908916086,3,25
xgboost,starting+all_new,506,log,2024,12033.538383292273,106055.65554188933,6,475
xgboost,starting+all_new,506,log_smear,2024,13723.336259985865,100340.67996212558,3,75
xgboost,starting+all_new,506,raw,2025,37553.55873805873,137214.526336512,3,50
xgboost,starting+all_new,506,log,2025,20923.54248380245,118822.74744817064,3,1425
xgboost,starting+all_new,506,log_smear,2025,23683.80908062121,113615.9369875079,3,75
xgboost,starting+all_new,506,raw,2026,27094.09603763784,133129.76534586164,3,25
xgboost,starting+all_new,506,log,2026,19991.15193600703,135590.73050092944,3,175
xgboost,starting+all_new,506,log_smear,2026,21666.7009669576,131796.13287937446,3,50
